freelancer_ID,name,gender,age,country,language,primary_skill,years_of_experience,hourly_rate (USD),rating,is_active,client_satisfaction,experience_level
FL250001,Ms. Nicole Kidd,Female,52,Italy,Italian,Blockchain Development,1.1,100.0,2,0,79,Beginner
FL250002,Vanessa Garcia,Female,52,Australia,English,Mobile Apps,3.4,100.0,3,1,84,Expert
FL250003,Juan Nelson,Male,53,Germany,German,Graphic Design,3.1,50.0,2,1,71,Expert
FL250004,Amanda Spencer,Female,38,Australia,English,Web Development,4.0,53.0338733431517,1,1,90,Expert
FL250005,Lynn Curtis DDS,Female,53,Germany,German,Web Development,2.7,30.0,4,0,83,Intermediate
FL250006,Lisa Johnson,Female,59,Netherlands,Dutch,AI,1.4,53.0338733431517,2,0,79,Beginner
FL250007,Eric Myers,Male,52,Indonesia,Indonesian,Data Analysis,10.0,75.0,3,0,94,Expert
FL250008,Ricky Graham,Male,43,Italy,Italian,Blockchain Development,1.4,40.0,4,0,94,Beginner
FL250009,Sean Martin,Male,26,United States,English,Blockchain Development,4.0,53.0338733431517,4,1,76,Expert
FL250010,Matthew Lloyd,Male,52,Turkey,Turkish,AI,2.2,53.0338733431517,2,1,79,Intermediate
FL250011,Gavin Randall,Male,40,United Kingdom,English,Data Analysis,1.7,40.0,3,1,77,Beginner
FL250012,Michelle Curtis,Female,55,Argentina,Spanish,UI/UX Design,1.5,53.0338733431517,2,1,86,Beginner
FL250013,Alice Schneider,Female,57,United Kingdom,English,Cybersecurity,1.8,53.0338733431517,2,0,86,Beginner
FL250014,Phillip Shelton,Male,38,Argentina,Spanish,Graphic Design,2.0,75.0,2,1,93,Intermediate
FL250015,Edward Ferguson,Male,50,Germany,German,Data Analysis,2.2,75.0,3,1,70,Intermediate
FL250016,Wyatt Stout,Male,42,Japan,Japanese,Data Analysis,1.1,53.0338733431517,1,0,69,Beginner
FL250017,Laura Johnson,Female,39,Australia,English,DevOps,1.3,53.0338733431517,2,0,60,Beginner
FL250018,Scott Burns,Male,56,India,Hindi,Blockchain Development,1.1,53.0338733431517,2,1,87,Beginner
FL250019,Tyler Aguirre,Male,56,United States,English,UI/UX Design,3.1,50.0,1,1,75,Expert
FL250020,Matthew Lawson,Male,57,Italy,Italian,Web Development,3.0,100.0,1,1,68,Expert
FL250021,James Cherry,Male,21,Indonesia,Indonesian,AI,9.0,50.0,1,0,65,Expert
FL250022,Samuel Sanford,Male,51,Japan,Japanese,DevOps,1.1,53.0338733431517,2,1,69,Beginner
FL250023,Cesar Greene,Male,51,Brazil,Portuguese,Cybersecurity,2.1,30.0,4,1,79,Intermediate
FL250024,Melanie Carter,Female,51,South Korea,Korean,Machine Learning,1.5,53.0338733431517,1,1,100,Beginner
FL250025,Jennifer Martin,Female,54,Indonesia,Indonesian,Machine Learning,1.3,75.0,2,1,92,Beginner
FL250026,Anna Mccann,Female,22,South Korea,Korean,DevOps,1.1,30.0,1,1,70,Beginner
FL250027,Marissa Bass,Female,34,Japan,Japanese,Blockchain Development,8.0,53.0338733431517,2,1,89,Expert
FL250028,Alexis Day,Female,36,Russia,Russian,Graphic Design,1.1,53.0338733431517,1,1,86,Beginner
FL250029,Megan Jones,Female,47,Canada,English,AI,2.2,30.0,1,0,62,Intermediate
FL250030,Lori Smith,Female,41,Netherlands,Dutch,Data Analysis,1.4,75.0,1,0,79,Beginner
FL250031,Eric Carpenter,Male,22,Netherlands,Dutch,DevOps,4.0,53.0338733431517,1,1,79,Expert
FL250032,Timothy Daniels,Male,38,France,French,Machine Learning,1.9,100.0,4,1,68,Beginner
FL250033,Robert Nelson,Male,46,Egypt,Arabic,AI,9.0,20.0,1,1,76,Expert
FL250034,Michael Anderson,Male,21,South Korea,Korean,AI,9.0,40.0,2,1,82,Expert
FL250035,Jessica Snyder,Female,54,United States,English,Web Development,3.2,75.0,1,1,81,Expert
FL250036,Emily Daniels,Female,52,South Korea,Korean,Web Development,2.8,53.0338733431517,2,0,79,Intermediate
FL250037,Jamie Ramirez,Female,42,Japan,Japanese,Mobile Apps,6.0,40.0,2,0,63,Expert
FL250038,Amy Harrison,Female,29,Netherlands,Dutch,Graphic Design,10.0,40.0,2,1,67,Expert
FL250039,Melinda White,Female,42,South Africa,Afrikaans,Mobile Apps,2.3,50.0,3,1,79,Intermediate
FL250040,James Hernandez,Male,60,Japan,Japanese,Web Development,1.3,53.0338733431517,3,0,80,Beginner
FL250041,Angelica Rogers,Female,59,United Kingdom,English,AI,3.0,50.0,2,0,79,Expert
FL250042,Savannah Williams,Female,21,Canada,English,Web Development,1.1,30.0,2,1,84,Beginner
FL250043,Kaitlyn Schmidt,Female,35,Germany,German,DevOps,10.0,53.0338733431517,2,0,79,Expert
FL250044,Jason Singh,Male,41,United Kingdom,English,Data Analysis,1.1,20.0,2,1,63,Beginner
FL250045,Michelle Ramirez,Female,51,Netherlands,Dutch,Machine Learning,2.3,20.0,2,0,80,Intermediate
FL250046,James Brown,Male,41,South Africa,Afrikaans,Web Development,9.0,53.0338733431517,4,1,74,Expert
FL250047,Mrs. Samantha Simmons,Female,47,Egypt,Arabic,DevOps,1.5,30.0,4,1,85,Beginner
FL250048,Chase Mason,Male,25,China,Mandarin,Graphic Design,4.0,50.0,2,1,77,Expert
FL250049,Dominique Ward,Female,25,Mexico,Spanish,Mobile Apps,7.0,20.0,1,0,79,Expert
FL250050,Lance Griffin,Male,29,Netherlands,Dutch,UI/UX Design,1.0,20.0,1,1,63,Beginner
FL250051,Julie Burgess,Female,23,Argentina,Spanish,Cybersecurity,1.1,75.0,1,1,79,Beginner
FL250052,Don Scott,Male,31,France,French,Data Analysis,8.0,50.0,3,0,79,Expert
FL250053,Kyle Atkinson,Male,51,Germany,German,Machine Learning,3.3,75.0,3,1,68,Expert
FL250054,Jimmy Hogan,Male,21,Spain,Spanish,UI/UX Design,1.0,30.0,2,0,68,Beginner
FL250055,Jennifer Mcintyre,Female,29,Turkey,Turkish,Cybersecurity,1.1,100.0,2,1,72,Beginner
FL250056,Larry Simpson,Male,50,United Kingdom,English,AI,1.5,53.0338733431517,2,1,65,Beginner
FL250057,Laura Price,Female,26,United Kingdom,English,DevOps,8.0,50.0,1,0,76,Expert
FL250058,Mark Wright,Male,38,Canada,English,AI,1.7,40.0,4,1,90,Beginner
FL250059,Samantha Mcdaniel,Female,23,India,Hindi,Mobile Apps,1.1,75.0,3,1,65,Beginner
FL250060,Barbara Foster,Female,51,South Africa,Afrikaans,DevOps,2.8,40.0,3,0,63,Intermediate
FL250061,Courtney Tran,Female,51,Indonesia,Indonesian,AI,3.3,53.0338733431517,2,1,79,Expert
FL250062,Eddie Todd,Male,47,Germany,German,AI,1.8,75.0,2,0,79,Beginner
FL250063,Christine Johnson,Female,34,Russia,Russian,UI/UX Design,1.6,53.0338733431517,2,1,93,Beginner
FL250064,Leah Phelps,Female,58,Indonesia,Indonesian,Data Analysis,3.5,50.0,4,0,70,Expert
FL250065,Rebekah Williams,Female,50,Russia,Russian,AI,1.4,53.0338733431517,3,1,83,Beginner
FL250066,Crystal Wilson,Female,34,Spain,Spanish,Web Development,1.2,40.0,2,1,64,Beginner
FL250067,Ashley Cordova,Female,45,Brazil,Portuguese,AI,1.1,75.0,4,1,100,Beginner
FL250068,Vicki Kelly,Female,55,Brazil,Portuguese,Web Development,1.1,53.0338733431517,2,1,79,Beginner
FL250069,Corey Warren,Male,21,Argentina,Spanish,UI/UX Design,6.0,100.0,1,0,79,Expert
FL250070,Gina Thompson,Female,60,China,Mandarin,UI/UX Design,3.8,53.0338733431517,2,0,71,Expert
FL250071,Yvonne Berg,Female,33,South Africa,Afrikaans,Mobile Apps,1.1,53.0338733431517,2,1,84,Beginner
FL250072,Thomas Miller,Male,60,Italy,Italian,DevOps,1.3,50.0,1,0,79,Beginner
FL250073,Nicholas Burton,Male,40,United States,English,Web Development,9.0,53.0338733431517,4,1,69,Expert
FL250074,Jorge Riley,Male,59,Australia,English,Blockchain Development,4.0,53.0338733431517,1,0,88,Expert
FL250075,Melvin Harris,Male,36,Italy,Italian,Machine Learning,1.4,53.0338733431517,3,0,79,Beginner
FL250076,Jeremy Meyer,Male,32,India,Hindi,Data Analysis,1.1,30.0,1,1,96,Beginner
FL250077,Timothy Lee,Male,59,Australia,English,AI,9.0,75.0,4,1,96,Expert
FL250078,Diana Bautista,Female,54,Spain,Spanish,DevOps,3.2,40.0,1,1,79,Expert
FL250079,Leslie Rodriguez,Female,37,Canada,English,Graphic Design,9.0,53.0338733431517,2,1,89,Expert
FL250080,Noah Wiggins,Male,54,India,Hindi,Machine Learning,2.1,53.0338733431517,4,0,79,Intermediate
FL250081,Bridget Williams,Female,33,Argentina,Spanish,UI/UX Design,1.2,100.0,3,0,63,Beginner
FL250082,Veronica Baker,Female,25,Egypt,Arabic,Web Development,7.0,40.0,4,1,81,Expert
FL250083,Andrew Avila,Male,21,China,Mandarin,DevOps,3.0,40.0,4,1,74,Expert
FL250084,Michael Roberson,Male,35,South Korea,Korean,Web Development,5.0,53.0338733431517,3,0,72,Expert
FL250085,Austin Jenkins,Male,59,South Korea,Korean,AI,3.0,53.0338733431517,2,1,79,Expert
FL250086,Brenda Green,Female,21,China,Mandarin,DevOps,2.0,100.0,2,1,85,Intermediate
FL250087,Samuel Pierce,Male,25,United States,English,Mobile Apps,2.0,53.0338733431517,3,1,79,Intermediate
FL250088,Briana Smith,Female,38,Mexico,Spanish,Web Development,1.9,75.0,2,0,61,Beginner
FL250089,Ronald Barrett,Male,57,Russia,Russian,AI,1.6,100.0,3,0,79,Beginner
FL250090,Matthew Smith,Male,32,India,Hindi,Mobile Apps,10.0,53.0338733431517,2,0,86,Expert
FL250091,Logan Huang,Male,21,Italy,Italian,DevOps,2.0,100.0,1,1,97,Intermediate
FL250092,Miranda Hutchinson,Female,57,Canada,English,Cybersecurity,1.8,50.0,2,1,63,Beginner
FL250093,Paul Richardson,Male,53,China,Mandarin,UI/UX Design,2.1,100.0,2,1,97,Intermediate
FL250094,Jose Jones,Male,35,Russia,Russian,Blockchain Development,3.0,30.0,3,1,81,Expert
FL250095,Denise Smith,Female,54,China,Mandarin,Machine Learning,1.7,20.0,1,0,69,Beginner
FL250096,Shelby Mcmahon,Female,36,Italy,Italian,UI/UX Design,1.1,20.0,1,1,64,Beginner
FL250097,Bethany Wright,Female,49,Spain,Spanish,Cybersecurity,2.5,50.0,5,1,77,Intermediate
FL250098,David Ortiz,Male,37,United States,English,Blockchain Development,1.7,20.0,3,0,96,Beginner
FL250099,Andrew Lynch,Male,21,United States,English,UI/UX Design,5.0,53.0338733431517,1,0,74,Expert
FL250100,Kristopher Meyers,Male,32,Egypt,Arabic,UI/UX Design,10.0,50.0,1,0,89,Expert
FL250101,Thomas Roth,Male,35,India,Hindi,Mobile Apps,1.1,53.0338733431517,2,1,64,Beginner
FL250102,Vicki Brown,Female,51,Russia,Russian,Graphic Design,2.0,53.0338733431517,4,0,64,Intermediate
FL250103,Stacy Sutton,Female,50,Russia,Russian,DevOps,3.0,100.0,3,1,73,Expert
FL250104,Kimberly Holland,Female,21,Turkey,Turkish,Blockchain Development,2.0,53.0338733431517,4,1,68,Intermediate
FL250105,Travis Richardson,Male,25,United States,English,Graphic Design,3.0,53.0338733431517,2,0,88,Expert
FL250106,Jasmin Ho,Female,57,France,French,DevOps,2.1,53.0338733431517,2,0,77,Intermediate
FL250107,Mark Paul,Male,58,Russia,Russian,Blockchain Development,3.0,53.0338733431517,2,1,79,Expert
FL250108,Jennifer Lewis,Female,45,Indonesia,Indonesian,Mobile Apps,1.9,40.0,2,1,72,Beginner
FL250109,Elizabeth Lester,Female,23,United States,English,Web Development,1.1,20.0,4,1,60,Beginner
FL250110,Kimberly Griffin,Female,46,United States,English,AI,9.0,53.0338733431517,3,1,72,Expert
FL250111,Tyler Warner,Male,27,Argentina,Spanish,UI/UX Design,5.0,30.0,2,1,92,Expert
FL250112,Jane Cox,Female,32,United States,English,Machine Learning,6.0,50.0,3,1,79,Expert
FL250113,Leah Williams,Female,48,Argentina,Spanish,Machine Learning,6.0,75.0,2,1,92,Expert
FL250114,Kevin Wong,Male,30,Turkey,Turkish,Mobile Apps,3.0,53.0338733431517,1,1,79,Expert
FL250115,Robert Andrews,Male,59,Turkey,Turkish,AI,1.3,20.0,4,1,79,Beginner
FL250116,Jessica Torres,Female,32,Mexico,Spanish,AI,5.0,53.0338733431517,2,0,86,Expert
FL250117,Teresa Kim,Female,57,Egypt,Arabic,UI/UX Design,4.0,40.0,3,1,68,Expert
FL250118,Jon Morgan,Male,27,Australia,English,Machine Learning,7.0,20.0,3,1,62,Expert
FL250119,Gloria Chaney,Female,33,Indonesia,Indonesian,Machine Learning,1.3,20.0,3,0,79,Beginner
FL250120,Jesse Campbell,Male,29,South Korea,Korean,Data Analysis,4.0,30.0,2,1,82,Expert
FL250121,Allison Tucker MD,Female,36,Indonesia,Indonesian,UI/UX Design,1.3,75.0,2,1,79,Beginner
FL250122,Candice Petersen,Female,47,Italy,Italian,DevOps,5.0,53.0338733431517,3,0,93,Expert
FL250123,Christopher Nichols,Male,48,Canada,English,Machine Learning,1.5,50.0,1,1,64,Beginner
FL250124,Debra Garcia,Female,27,China,Mandarin,UI/UX Design,8.0,53.0338733431517,2,1,79,Expert
FL250125,Andrew Fuentes,Male,34,Australia,English,Web Development,10.0,53.0338733431517,1,1,96,Expert
FL250126,Jason Carter,Male,49,South Korea,Korean,Data Analysis,1.9,53.0338733431517,5,1,83,Beginner
FL250127,Austin Romero,Male,30,Brazil,Portuguese,Mobile Apps,10.0,53.0338733431517,1,1,64,Expert
FL250128,Clayton Burns,Male,31,Egypt,Arabic,Graphic Design,8.0,40.0,4,0,70,Expert
FL250129,Jonathan Clark,Male,58,China,Mandarin,Machine Learning,9.0,20.0,2,1,65,Expert
FL250130,Alexander Griffin,Male,47,France,French,Machine Learning,1.3,40.0,3,1,67,Beginner
FL250131,Shelly Whitehead,Female,45,United Kingdom,English,Cybersecurity,1.4,100.0,1,0,93,Beginner
FL250132,Kaitlyn Davis,Female,57,France,French,Machine Learning,1.1,50.0,1,1,60,Beginner
FL250133,Christopher Jones,Male,50,India,Hindi,Web Development,2.2,100.0,4,1,62,Intermediate
FL250134,Cindy Jacobs,Female,21,Brazil,Portuguese,Machine Learning,4.0,53.0338733431517,2,1,70,Expert
FL250135,Penny Day,Female,45,Indonesia,Indonesian,Blockchain Development,2.2,53.0338733431517,4,1,75,Intermediate
FL250136,Thomas Ingram,Male,60,South Africa,Afrikaans,Cybersecurity,3.9,75.0,1,0,70,Expert
FL250137,Donna Hansen,Female,43,United Kingdom,English,Cybersecurity,5.0,50.0,2,1,84,Expert
FL250138,Donna Bailey,Female,39,France,French,Cybersecurity,5.0,40.0,1,0,83,Expert
FL250139,Joshua Armstrong,Male,26,Mexico,Spanish,UI/UX Design,5.0,50.0,2,1,79,Expert
FL250140,Jonathan Garza,Male,31,Germany,German,Cybersecurity,1.1,50.0,3,0,88,Beginner
FL250141,Charles Jones,Male,52,France,French,UI/UX Design,1.5,50.0,2,1,81,Beginner
FL250142,Lindsey Miles,Female,34,India,Hindi,Data Analysis,5.0,20.0,2,1,80,Expert
FL250143,Eduardo Reed,Male,45,United Kingdom,English,Web Development,7.0,75.0,3,1,67,Expert
FL250144,Lee Fowler,Male,46,United Kingdom,English,Cybersecurity,9.0,53.0338733431517,2,1,82,Expert
FL250145,Steven Jones Jr.,Male,56,France,French,UI/UX Design,2.1,100.0,2,1,78,Intermediate
FL250146,Ashley Chen,Female,59,Germany,German,AI,7.0,53.0338733431517,1,0,81,Expert
FL250147,Erica Davis,Female,54,Egypt,Arabic,Blockchain Development,4.0,53.0338733431517,1,1,74,Expert
FL250148,Wayne Gonzales,Male,36,Germany,German,UI/UX Design,7.0,30.0,2,1,88,Expert
FL250149,Gary Ballard,Male,25,Mexico,Spanish,Data Analysis,1.1,40.0,2,0,90,Beginner
FL250150,Maria Mcguire,Female,37,Russia,Russian,Data Analysis,1.5,53.0338733431517,2,0,79,Beginner
FL250151,Matthew Richards,Male,21,Turkey,Turkish,Data Analysis,10.0,40.0,2,1,79,Expert
FL250152,Patrick Malone,Male,29,Spain,Spanish,Data Analysis,1.1,20.0,2,0,93,Beginner
FL250153,Cindy Martin,Female,55,Argentina,Spanish,Mobile Apps,1.2,100.0,1,1,79,Beginner
FL250154,Anne Edwards,Female,38,Japan,Japanese,DevOps,2.0,53.0338733431517,1,0,71,Intermediate
FL250155,Mitchell Martin,Male,47,South Korea,Korean,DevOps,2.9,53.0338733431517,4,1,95,Intermediate
FL250156,Mitchell Patrick,Male,60,Brazil,Portuguese,Web Development,1.5,100.0,1,0,80,Beginner
FL250157,Rebecca Lyons,Female,43,Italy,Italian,Data Analysis,9.0,53.0338733431517,2,1,79,Expert
FL250158,Christian Lopez,Male,56,South Africa,Afrikaans,Data Analysis,1.1,100.0,3,0,62,Beginner
FL250159,Nathan Blair,Male,42,Russia,Russian,DevOps,2.0,53.0338733431517,1,0,95,Intermediate
FL250160,Patricia Lopez,Female,20,Spain,Spanish,Graphic Design,1.1,40.0,2,0,79,Beginner
FL250161,Michelle Wu,Female,47,Indonesia,Indonesian,UI/UX Design,1.2,40.0,4,0,62,Beginner
FL250162,Donald Mitchell,Male,21,Argentina,Spanish,Data Analysis,1.2,53.0338733431517,4,0,68,Beginner
FL250163,Sean Gordon,Male,56,Indonesia,Indonesian,DevOps,1.5,75.0,2,0,79,Beginner
FL250164,Gregory Clarke,Male,59,United Kingdom,English,DevOps,2.9,75.0,2,0,80,Intermediate
FL250165,Steven Whitney,Male,56,Japan,Japanese,Cybersecurity,1.5,40.0,3,1,92,Beginner
FL250166,Robin Acosta,Female,31,South Africa,Afrikaans,Web Development,1.1,75.0,1,1,65,Beginner
FL250167,John Smith,Male,60,South Korea,Korean,Mobile Apps,3.3,40.0,3,1,87,Expert
FL250168,Susan Baker,Female,31,Canada,English,Web Development,10.0,75.0,2,0,70,Expert
FL250169,Anthony Larsen,Male,60,Argentina,Spanish,Cybersecurity,2.0,40.0,1,0,87,Intermediate
FL250170,Nicholas Carpenter,Male,46,France,French,DevOps,2.3,20.0,2,1,72,Intermediate
FL250171,Debra Salazar,Female,21,Netherlands,Dutch,Blockchain Development,1.1,40.0,2,1,80,Beginner
FL250172,William Smith,Male,34,Japan,Japanese,UI/UX Design,1.1,20.0,1,0,66,Beginner
FL250173,Caroline Gross,Female,42,Netherlands,Dutch,Graphic Design,7.0,40.0,2,1,79,Expert
FL250174,Jeremy Sawyer,Male,31,United Kingdom,English,Data Analysis,4.0,75.0,1,1,64,Expert
FL250175,Eduardo Burns,Male,29,Brazil,Portuguese,UI/UX Design,9.0,20.0,2,1,68,Expert
FL250176,Amanda Jones,Female,57,Australia,English,Graphic Design,1.7,20.0,3,0,63,Beginner
FL250177,Frederick Ware,Male,47,India,Hindi,DevOps,8.0,20.0,4,1,72,Expert
FL250178,Michael Black,Male,47,South Africa,Afrikaans,AI,1.4,53.0338733431517,2,1,86,Beginner
FL250179,Patricia Sanders,Female,45,France,French,Graphic Design,2.1,30.0,1,1,73,Intermediate
FL250180,Marc Joseph,Male,24,Turkey,Turkish,Machine Learning,1.0,53.0338733431517,3,0,95,Beginner
FL250181,Vanessa White,Female,31,Argentina,Spanish,Mobile Apps,1.2,20.0,2,0,90,Beginner
FL250182,Jennifer Garcia,Female,20,Mexico,Spanish,Graphic Design,2.0,53.0338733431517,2,0,78,Intermediate
FL250183,Michael Zavala,Male,38,Japan,Japanese,Web Development,3.0,30.0,3,0,97,Expert
FL250184,Kimberly Williams,Female,33,Germany,German,UI/UX Design,1.1,53.0338733431517,2,1,65,Beginner
FL250185,Elizabeth Jenkins,Female,31,Australia,English,Web Development,4.0,40.0,3,1,78,Expert
FL250186,Brandon Ford,Male,41,Spain,Spanish,Machine Learning,2.1,50.0,3,1,65,Intermediate
FL250187,Justin House,Male,54,Turkey,Turkish,Web Development,1.1,53.0338733431517,4,1,79,Beginner
FL250188,Henry Mullen,Male,50,Mexico,Spanish,Data Analysis,6.0,30.0,2,1,95,Expert
FL250189,Jesse Cochran,Male,48,Brazil,Portuguese,Machine Learning,1.8,40.0,2,1,88,Beginner
FL250190,Melissa Rich,Female,49,Mexico,Spanish,Graphic Design,1.1,53.0338733431517,1,0,79,Beginner
FL250191,Patrick Dunlap,Male,21,South Korea,Korean,Graphic Design,1.0,75.0,4,0,92,Beginner
FL250192,Troy Carson,Male,58,Australia,English,Graphic Design,2.0,75.0,2,0,75,Intermediate
FL250193,Matthew Smith,Male,41,Italy,Italian,DevOps,1.1,53.0338733431517,1,0,74,Beginner
FL250194,Jennifer Cherry,Female,58,Russia,Russian,Blockchain Development,2.5,53.0338733431517,4,1,71,Intermediate
FL250195,Brandi Tucker,Female,50,South Africa,Afrikaans,Graphic Design,2.0,40.0,3,1,89,Intermediate
FL250196,Zachary Burke,Male,52,Indonesia,Indonesian,Web Development,3.3,53.0338733431517,1,1,66,Expert
FL250197,Thomas Jones,Male,34,Netherlands,Dutch,Data Analysis,6.0,53.0338733431517,2,0,79,Expert
FL250198,Brian Dunn,Male,32,France,French,Machine Learning,1.1,40.0,4,1,86,Beginner
FL250199,Shirley Strickland,Female,50,India,Hindi,Graphic Design,2.8,53.0338733431517,4,1,86,Intermediate
FL250200,Nicole Meyers,Female,39,Argentina,Spanish,Data Analysis,1.1,100.0,3,1,82,Beginner
FL250201,Jill Stephens,Female,25,Spain,Spanish,AI,2.0,100.0,2,0,87,Intermediate
FL250202,Heidi Miranda,Female,55,China,Mandarin,Machine Learning,7.0,100.0,1,1,80,Expert
FL250203,Jesus Martinez,Male,42,Italy,Italian,DevOps,10.0,100.0,4,1,71,Expert
FL250204,Adam Payne,Male,43,Russia,Russian,Mobile Apps,6.0,50.0,2,1,77,Expert
FL250205,Walter Williams,Male,54,Italy,Italian,DevOps,2.9,53.0338733431517,1,0,68,Intermediate
FL250206,Shannon Farmer,Female,21,Egypt,Arabic,Graphic Design,1.1,20.0,1,1,91,Beginner
FL250207,Peter Reyes,Male,46,Canada,English,UI/UX Design,5.0,20.0,2,0,75,Expert
FL250208,Kristen Knight,Female,30,Spain,Spanish,Blockchain Development,1.1,40.0,1,1,90,Beginner
FL250209,William Moore Jr.,Male,36,China,Mandarin,Machine Learning,1.1,53.0338733431517,3,0,93,Beginner
FL250210,Jennifer Rowe,Female,47,Germany,German,Data Analysis,1.5,40.0,2,1,94,Beginner
FL250211,Mikayla Henry,Female,43,Canada,English,Mobile Apps,1.0,50.0,4,1,64,Beginner
FL250212,Jacob Kerr,Male,57,South Korea,Korean,Cybersecurity,8.0,53.0338733431517,2,1,84,Expert
FL250213,Ryan Johnson,Male,52,Italy,Italian,Machine Learning,3.0,53.0338733431517,2,0,87,Expert
FL250214,Michael Ruiz,Male,21,Germany,German,Blockchain Development,8.0,53.0338733431517,2,1,64,Expert
FL250215,Monica Roberts,Female,22,Indonesia,Indonesian,Machine Learning,1.1,100.0,2,1,64,Beginner
FL250216,Danny Brown,Male,21,India,Hindi,Machine Learning,1.2,53.0338733431517,2,1,80,Beginner
FL250217,Karen Larsen,Female,58,Spain,Spanish,Mobile Apps,4.0,53.0338733431517,3,0,90,Expert
FL250218,Robert Evans,Male,39,South Korea,Korean,Web Development,1.4,100.0,2,1,92,Beginner
FL250219,Sean Poole,Male,32,Indonesia,Indonesian,Graphic Design,1.4,53.0338733431517,2,0,96,Beginner
FL250220,Richard Quinn,Male,37,Canada,English,UI/UX Design,2.0,53.0338733431517,2,1,79,Intermediate
FL250221,Jennifer Gonzalez,Female,21,China,Mandarin,Cybersecurity,2.0,100.0,2,1,79,Intermediate
FL250222,James Skinner,Male,41,South Korea,Korean,Machine Learning,4.0,75.0,2,1,85,Expert
FL250223,Michelle Hill,Female,21,Canada,English,AI,1.1,40.0,1,0,79,Beginner
FL250224,Jacqueline Williams,Female,58,China,Mandarin,Machine Learning,9.0,30.0,2,1,65,Expert
FL250225,Darrell Johnson,Male,60,Canada,English,Machine Learning,3.0,40.0,4,0,63,Expert
FL250226,Ryan Crawford,Male,27,South Africa,Afrikaans,Web Development,2.0,53.0338733431517,1,0,79,Intermediate
FL250227,Chelsea Barber,Female,29,Germany,German,Machine Learning,10.0,40.0,1,0,78,Expert
FL250228,Elaine Martinez,Female,54,Canada,English,Graphic Design,3.3,53.0338733431517,2,1,62,Expert
FL250229,Joseph Kent,Male,52,Mexico,Spanish,Machine Learning,1.2,40.0,1,0,76,Beginner
FL250230,Megan Welch,Female,55,Indonesia,Indonesian,Blockchain Development,1.8,100.0,2,0,97,Beginner
FL250231,Stephen Ramirez,Male,37,Brazil,Portuguese,Blockchain Development,4.0,53.0338733431517,2,1,79,Expert
FL250232,Chloe Gray,Female,34,Egypt,Arabic,Data Analysis,1.1,53.0338733431517,3,1,82,Beginner
FL250233,Michael Williams Jr.,Male,20,France,French,Data Analysis,1.0,50.0,3,1,71,Beginner
FL250234,Matthew Martin,Male,22,Mexico,Spanish,UI/UX Design,2.0,53.0338733431517,2,1,79,Intermediate
FL250235,Julia Murphy,Female,23,South Korea,Korean,Graphic Design,2.0,50.0,3,1,79,Intermediate
FL250236,Anna Evans,Female,53,South Korea,Korean,Blockchain Development,3.4,30.0,2,1,79,Expert
FL250237,Brenda Fleming,Female,56,South Korea,Korean,Graphic Design,2.7,100.0,4,1,69,Intermediate
FL250238,Daniel Harrington,Male,27,Canada,English,AI,4.0,75.0,5,0,88,Expert
FL250239,Daniel Barnett,Male,34,Italy,Italian,Mobile Apps,1.1,40.0,2,0,67,Beginner
FL250240,Mark Cummings,Male,29,United States,English,Web Development,4.0,50.0,4,0,79,Expert
FL250241,Christopher Guerra,Male,34,India,Hindi,AI,1.1,53.0338733431517,1,1,79,Beginner
FL250242,Sarah Ho,Female,32,Mexico,Spanish,AI,1.0,100.0,4,0,67,Beginner
FL250243,Veronica Thomas,Female,21,South Africa,Afrikaans,Machine Learning,2.0,20.0,2,1,86,Intermediate
FL250244,Mitchell Watson,Male,20,Mexico,Spanish,Graphic Design,2.0,53.0338733431517,1,0,69,Intermediate
FL250245,Monica Murphy,Female,35,United States,English,Mobile Apps,10.0,50.0,1,1,85,Expert
FL250246,Kristen Williams,Female,47,United States,English,UI/UX Design,1.8,40.0,3,0,60,Beginner
FL250247,Nicole Wright,Female,41,Turkey,Turkish,Blockchain Development,4.0,40.0,2,1,70,Expert
FL250248,Andrew Ruiz,Male,58,Argentina,Spanish,Web Development,2.3,53.0338733431517,4,0,79,Intermediate
FL250249,Zachary Jackson,Male,34,China,Mandarin,Data Analysis,6.0,75.0,1,1,81,Expert
FL250250,Stephanie Carter,Female,50,India,Hindi,Mobile Apps,5.0,100.0,2,1,79,Expert
FL250251,Amy Olson,Female,42,Mexico,Spanish,DevOps,1.9,75.0,4,0,78,Beginner
FL250252,Fred Stark,Male,43,Germany,German,UI/UX Design,6.0,50.0,2,0,81,Expert
FL250253,Jacob Gill,Male,34,Germany,German,Data Analysis,8.0,75.0,1,1,71,Expert
FL250254,Anthony Nichols,Male,24,Spain,Spanish,Mobile Apps,3.0,75.0,2,0,79,Expert
FL250255,William Knapp,Male,48,South Africa,Afrikaans,UI/UX Design,8.0,30.0,5,1,99,Expert
FL250256,Elizabeth Walker,Female,39,South Korea,Korean,Data Analysis,1.2,53.0338733431517,3,1,66,Beginner
FL250257,Brenda Reeves,Female,57,Australia,English,Blockchain Development,3.0,53.0338733431517,2,1,80,Expert
FL250258,Carrie Little,Female,44,Canada,English,Web Development,2.1,100.0,2,0,83,Intermediate
FL250259,Steven Jackson,Male,37,Brazil,Portuguese,UI/UX Design,1.7,20.0,2,1,87,Beginner
FL250260,Mark Perry,Male,50,Turkey,Turkish,Data Analysis,9.0,30.0,3,0,76,Expert
FL250261,Cameron Spencer,Male,50,Spain,Spanish,UI/UX Design,2.0,50.0,1,0,89,Intermediate
FL250262,Jennifer Holmes,Female,28,France,French,Graphic Design,1.0,20.0,3,1,94,Beginner
FL250263,Jacob Joseph,Male,48,Italy,Italian,Web Development,2.3,53.0338733431517,2,0,68,Intermediate
FL250264,Jeffery Tucker,Male,42,Germany,German,DevOps,8.0,30.0,3,1,96,Expert
FL250265,Jacqueline Drake,Female,37,Canada,English,Data Analysis,6.0,53.0338733431517,2,1,91,Expert
FL250266,Brian Bautista,Male,21,India,Hindi,Blockchain Development,1.0,100.0,2,1,92,Beginner
FL250267,Dakota Wells,Male,50,South Korea,Korean,Web Development,1.9,53.0338733431517,4,1,82,Beginner
FL250268,Julie White,Female,22,Argentina,Spanish,AI,2.0,30.0,2,1,79,Intermediate
FL250269,Barbara Keith,Female,39,Japan,Japanese,Web Development,2.1,100.0,2,0,91,Intermediate
FL250270,Heather Camacho,Female,25,Japan,Japanese,Machine Learning,3.0,53.0338733431517,2,1,86,Expert
FL250271,Melanie Harris,Female,47,South Africa,Afrikaans,Mobile Apps,1.4,53.0338733431517,2,0,69,Beginner
FL250272,Jacqueline Peterson,Female,35,South Africa,Afrikaans,UI/UX Design,10.0,100.0,4,1,84,Expert
FL250273,Nancy Long,Female,21,United Kingdom,English,Cybersecurity,5.0,100.0,1,0,60,Expert
FL250274,Mr. Juan Mitchell,Male,35,Netherlands,Dutch,Blockchain Development,6.0,75.0,1,1,97,Expert
FL250275,William Gaines,Male,59,France,French,Web Development,2.1,100.0,2,1,70,Intermediate
FL250276,Haley Yates,Female,26,China,Mandarin,UI/UX Design,4.0,100.0,3,0,81,Expert
FL250277,Richard Mcguire,Male,44,Russia,Russian,Machine Learning,1.8,20.0,4,1,88,Beginner
FL250278,Stephanie Fisher,Female,31,South Africa,Afrikaans,UI/UX Design,1.2,53.0338733431517,2,1,100,Beginner
FL250279,Anthony Goodwin DDS,Male,60,Turkey,Turkish,Data Analysis,6.0,53.0338733431517,3,0,95,Expert
FL250280,Meagan Walters,Female,23,United Kingdom,English,Blockchain Development,4.0,20.0,2,0,71,Expert
FL250281,David Powell,Male,42,Indonesia,Indonesian,UI/UX Design,1.3,53.0338733431517,4,1,85,Beginner
FL250282,Kelly Jones,Female,48,India,Hindi,Mobile Apps,6.0,30.0,2,1,96,Expert
FL250283,Dr. Michael Aguilar,Male,42,Netherlands,Dutch,Graphic Design,10.0,20.0,2,1,92,Expert
FL250284,Alex Novak,Male,52,South Korea,Korean,Cybersecurity,2.0,50.0,2,0,79,Intermediate
FL250285,Ann Contreras,Female,55,Japan,Japanese,Web Development,2.0,75.0,2,0,79,Intermediate
FL250286,Mary Reed,Female,58,South Africa,Afrikaans,Cybersecurity,1.1,50.0,2,0,79,Beginner
FL250287,Lauren Ross,Female,46,South Korea,Korean,Machine Learning,1.2,20.0,2,0,89,Beginner
FL250288,Candice Wise,Female,45,Spain,Spanish,Machine Learning,1.0,100.0,1,1,100,Beginner
FL250289,Joyce Humphrey,Female,56,India,Hindi,Machine Learning,2.0,30.0,1,1,81,Intermediate
FL250290,James Carr,Male,44,United Kingdom,English,Blockchain Development,1.3,100.0,3,1,95,Beginner
FL250291,Joseph Mendoza,Male,46,Indonesia,Indonesian,UI/UX Design,1.1,53.0338733431517,1,1,88,Beginner
FL250292,Cathy Baldwin,Female,27,Japan,Japanese,Web Development,7.0,30.0,2,1,66,Expert
FL250293,Christine Hart,Female,49,India,Hindi,Blockchain Development,1.3,100.0,4,1,84,Beginner
FL250294,Mike Stanley,Male,53,Mexico,Spanish,Web Development,2.1,53.0338733431517,1,1,79,Intermediate
FL250295,Jeffrey Edwards,Male,56,Australia,English,Web Development,1.9,40.0,1,1,82,Beginner
FL250296,Amy Lee,Female,56,United Kingdom,English,DevOps,3.4,53.0338733431517,2,1,84,Expert
FL250297,Mark Thompson,Male,38,South Africa,Afrikaans,Data Analysis,3.0,100.0,1,0,73,Expert
FL250298,Alex Wilson,Male,20,South Korea,Korean,Mobile Apps,1.1,30.0,3,1,93,Beginner
FL250299,Nancy Mendez,Female,38,Canada,English,Machine Learning,2.0,50.0,2,1,64,Intermediate
FL250300,Beth Crane,Female,21,Netherlands,Dutch,Mobile Apps,6.0,40.0,3,0,76,Expert
FL250301,Miguel Rogers,Male,46,India,Hindi,Machine Learning,1.3,53.0338733431517,2,1,97,Beginner
FL250302,Thomas Robles,Male,36,South Africa,Afrikaans,Data Analysis,9.0,75.0,2,0,95,Expert
FL250303,Joel Brown III,Male,33,Russia,Russian,Web Development,2.0,75.0,2,0,65,Intermediate
FL250304,Olivia Schultz,Female,37,Canada,English,Graphic Design,1.1,50.0,4,0,77,Beginner
FL250305,Clayton Pena,Male,20,Egypt,Arabic,Data Analysis,1.1,20.0,3,0,79,Beginner
FL250306,Ashley Salazar,Female,48,China,Mandarin,Data Analysis,2.0,75.0,1,1,67,Intermediate
FL250307,Robert Lucas,Male,27,France,French,Cybersecurity,2.0,53.0338733431517,2,0,84,Intermediate
FL250308,David Cox,Male,34,South Korea,Korean,Mobile Apps,1.0,30.0,3,1,87,Beginner
FL250309,Christian Campbell,Male,55,Brazil,Portuguese,Machine Learning,1.4,30.0,1,1,91,Beginner
FL250310,Mrs. Angela Ward,Female,44,South Africa,Afrikaans,Machine Learning,1.4,75.0,3,0,78,Beginner
FL250311,Lucas Chen,Male,31,Netherlands,Dutch,UI/UX Design,2.0,50.0,3,0,79,Intermediate
FL250312,Ruben Nelson,Male,34,Australia,English,DevOps,1.0,40.0,1,1,74,Beginner
FL250313,Brenda Briggs,Female,47,Brazil,Portuguese,DevOps,1.3,20.0,4,1,91,Beginner
FL250314,Ronald Smith,Male,50,United States,English,Graphic Design,2.3,53.0338733431517,3,1,71,Intermediate
FL250315,Dakota Giles,Male,39,Germany,German,Cybersecurity,1.1,75.0,3,1,87,Beginner
FL250316,Angela Castillo,Female,26,Argentina,Spanish,Blockchain Development,3.0,100.0,2,1,61,Expert
FL250317,Allen Lee,Male,21,Netherlands,Dutch,DevOps,1.1,53.0338733431517,5,1,79,Beginner
FL250318,Michael Rogers,Male,32,Germany,German,Graphic Design,1.1,100.0,1,1,81,Beginner
FL250319,Danielle Costa,Female,55,Russia,Russian,Data Analysis,1.7,30.0,2,1,79,Beginner
FL250320,William Nunez,Male,32,Argentina,Spanish,Machine Learning,9.0,40.0,4,1,84,Expert
FL250321,Christopher Riggs,Male,30,South Korea,Korean,Blockchain Development,4.0,53.0338733431517,3,0,79,Expert
FL250322,Kathryn Myers,Female,37,Canada,English,Cybersecurity,1.1,53.0338733431517,3,1,79,Beginner
FL250323,Robert Walls,Male,52,Brazil,Portuguese,Graphic Design,3.3,53.0338733431517,2,1,60,Expert
FL250324,Justin Johnson,Male,48,India,Hindi,Cybersecurity,1.8,50.0,2,1,64,Beginner
FL250325,Paula Stevens,Female,28,Japan,Japanese,Mobile Apps,9.0,40.0,2,1,64,Expert
FL250326,Jennifer Allen,Female,58,Spain,Spanish,Data Analysis,4.0,75.0,3,1,100,Expert
FL250327,Mark Hudson,Male,30,Argentina,Spanish,Web Development,1.0,40.0,1,1,100,Beginner
FL250328,Jessica Smith,Female,47,China,Mandarin,Mobile Apps,5.0,20.0,1,0,79,Expert
FL250329,Mike Dean,Male,44,Argentina,Spanish,AI,4.0,53.0338733431517,2,1,83,Expert
FL250330,Jose Wilson,Male,56,Italy,Italian,Machine Learning,1.3,40.0,2,1,87,Beginner
FL250331,Tammy Hill,Female,53,United States,English,Mobile Apps,3.3,53.0338733431517,2,0,75,Expert
FL250332,Nathaniel Flores,Male,59,United Kingdom,English,Mobile Apps,2.2,40.0,1,1,61,Intermediate
FL250333,Edwin Carter,Male,60,United States,English,DevOps,3.4,53.0338733431517,2,0,93,Expert
FL250334,Patricia Miller,Female,33,Germany,German,Mobile Apps,8.0,30.0,3,1,79,Expert
FL250335,Rebecca Schneider,Female,21,Argentina,Spanish,Web Development,1.0,20.0,2,0,99,Beginner
FL250336,John Greene,Male,54,United Kingdom,English,UI/UX Design,2.0,50.0,4,0,73,Intermediate
FL250337,Brittany Mcdowell,Female,33,United States,English,Graphic Design,1.1,75.0,2,0,96,Beginner
FL250338,Lori Miller,Female,57,Turkey,Turkish,Data Analysis,2.0,40.0,2,0,60,Intermediate
FL250339,Joseph Robinson,Male,36,South Korea,Korean,Graphic Design,6.0,20.0,1,1,64,Expert
FL250340,Aaron Pruitt,Male,50,Germany,German,Blockchain Development,2.0,30.0,2,0,79,Intermediate
FL250341,Victoria Miller,Female,37,Canada,English,DevOps,1.1,20.0,4,1,79,Beginner
FL250342,Clarence Vega,Male,53,Italy,Italian,AI,4.0,30.0,4,0,99,Expert
FL250343,Deborah Day,Female,22,Italy,Italian,Blockchain Development,3.0,40.0,2,0,79,Expert
FL250344,Nicole Rocha,Female,55,Netherlands,Dutch,Mobile Apps,3.3,40.0,1,1,71,Expert
FL250345,Elijah Green,Male,22,Australia,English,Cybersecurity,1.0,53.0338733431517,2,0,72,Beginner
FL250346,Emily Johnson,Female,45,Turkey,Turkish,Web Development,2.3,50.0,2,0,66,Intermediate
FL250347,Richard Velasquez Jr.,Male,36,France,French,Data Analysis,1.3,40.0,2,1,78,Beginner
FL250348,Kurt Wilson,Male,23,Australia,English,DevOps,1.0,20.0,4,1,100,Beginner
FL250349,Jeremiah Rodriguez,Male,55,Italy,Italian,DevOps,1.5,40.0,4,1,79,Beginner
FL250350,Lauren Lang,Female,50,Brazil,Portuguese,Mobile Apps,1.8,75.0,3,0,67,Beginner
FL250351,Matthew Phillips,Male,48,United States,English,Machine Learning,2.1,50.0,4,0,78,Intermediate
FL250352,Michael Andersen,Male,23,Netherlands,Dutch,DevOps,1.0,53.0338733431517,4,1,78,Beginner
FL250353,Amanda Mayo,Female,49,Canada,English,Web Development,2.5,53.0338733431517,3,0,75,Intermediate
FL250354,Jessica Vance,Female,47,Italy,Italian,Cybersecurity,1.2,50.0,2,1,67,Beginner
FL250355,Alexa Gallegos,Female,56,Japan,Japanese,Graphic Design,3.2,40.0,2,1,86,Expert
FL250356,Charles Pratt,Male,58,Argentina,Spanish,UI/UX Design,1.1,100.0,4,0,77,Beginner
FL250357,Brian Baker,Male,32,South Korea,Korean,UI/UX Design,10.0,53.0338733431517,3,0,61,Expert
FL250358,Christina Norman,Female,52,India,Hindi,UI/UX Design,1.1,53.0338733431517,4,0,90,Beginner
FL250359,Laura Kelly,Female,22,China,Mandarin,Data Analysis,1.0,50.0,2,1,98,Beginner
FL250360,John Webb,Male,20,India,Hindi,Cybersecurity,2.0,30.0,2,1,99,Intermediate
FL250361,Christopher Burton,Male,56,Netherlands,Dutch,Data Analysis,9.0,40.0,2,0,61,Expert
FL250362,Bradley Aguilar,Male,41,Japan,Japanese,Data Analysis,2.2,50.0,1,1,61,Intermediate
FL250363,Arthur Vasquez,Male,25,Argentina,Spanish,Blockchain Development,5.0,53.0338733431517,2,0,91,Expert
FL250364,Angela Castro,Female,44,Canada,English,Cybersecurity,6.0,75.0,4,1,72,Expert
FL250365,Summer Yoder,Female,46,Australia,English,Web Development,2.6,53.0338733431517,2,1,79,Intermediate
FL250366,Jackie Allen,Female,40,South Korea,Korean,Blockchain Development,1.1,40.0,1,0,96,Beginner
FL250367,Brandon Williams,Male,21,China,Mandarin,AI,9.0,40.0,1,1,72,Expert
FL250368,Manuel Torres,Male,31,Japan,Japanese,Data Analysis,1.1,53.0338733431517,3,0,79,Beginner
FL250369,Scott Keller,Male,33,South Korea,Korean,Machine Learning,1.1,53.0338733431517,4,1,63,Beginner
FL250370,Deborah Brown,Female,31,Brazil,Portuguese,Machine Learning,3.0,53.0338733431517,2,1,79,Expert
FL250371,Jennifer Lara,Female,49,Italy,Italian,Data Analysis,1.5,75.0,2,1,83,Beginner
FL250372,Jason Scott,Male,35,Mexico,Spanish,Graphic Design,1.2,20.0,4,1,94,Beginner
FL250373,Gregory Garrison,Male,45,India,Hindi,Data Analysis,1.9,53.0338733431517,2,1,78,Beginner
FL250374,Chelsea Anderson,Female,39,Netherlands,Dutch,Data Analysis,1.3,30.0,1,1,79,Beginner
FL250375,Gerald Johnson,Male,21,Argentina,Spanish,Blockchain Development,1.1,53.0338733431517,2,1,82,Beginner
FL250376,Kevin Ellis,Male,24,Germany,German,Cybersecurity,3.0,53.0338733431517,2,0,66,Expert
FL250377,Mitchell Keller,Male,50,Australia,English,Graphic Design,2.6,53.0338733431517,3,1,82,Intermediate
FL250378,Mary Brown,Female,23,Germany,German,Machine Learning,4.0,20.0,4,1,84,Expert
FL250379,Ronald Walls,Male,27,Canada,English,Cybersecurity,8.0,20.0,4,1,81,Expert
FL250380,Anthony Avila,Male,58,South Africa,Afrikaans,AI,10.0,75.0,4,1,71,Expert
FL250381,Douglas Goodwin,Male,37,Italy,Italian,Machine Learning,5.0,53.0338733431517,4,1,61,Expert
FL250382,James Mills,Male,39,Spain,Spanish,Blockchain Development,1.8,75.0,4,1,66,Beginner
FL250383,Nicole Marks,Female,46,Egypt,Arabic,Data Analysis,10.0,53.0338733431517,2,1,97,Expert
FL250384,Phyllis Dawson,Female,21,United Kingdom,English,UI/UX Design,1.1,20.0,4,0,74,Beginner
FL250385,Renee Arnold,Female,39,Mexico,Spanish,Blockchain Development,2.1,30.0,4,0,61,Intermediate
FL250386,Eric Robinson,Male,59,Egypt,Arabic,Blockchain Development,2.5,20.0,4,0,90,Intermediate
FL250387,Paul Brown,Male,21,Netherlands,Dutch,DevOps,1.1,53.0338733431517,4,1,97,Beginner
FL250388,Sarah Proctor,Female,23,Canada,English,DevOps,5.0,100.0,3,1,79,Expert
FL250389,Matthew Hicks,Male,27,Egypt,Arabic,Web Development,1.0,20.0,4,1,76,Beginner
FL250390,Christopher Black,Male,27,China,Mandarin,Cybersecurity,4.0,40.0,4,0,92,Expert
FL250391,Joanne Reyes,Female,48,South Africa,Afrikaans,Data Analysis,2.1,40.0,2,0,79,Intermediate
FL250392,Isaac Gray,Male,21,South Africa,Afrikaans,AI,1.0,53.0338733431517,2,1,66,Beginner
FL250393,Joshua Roberts,Male,37,Italy,Italian,DevOps,1.1,50.0,4,0,83,Beginner
FL250394,Elizabeth Estrada,Female,31,Germany,German,UI/UX Design,10.0,50.0,2,0,79,Expert
FL250395,Lori Malone,Female,41,Egypt,Arabic,Blockchain Development,2.1,53.0338733431517,2,1,79,Intermediate
FL250396,Anthony Huynh MD,Male,31,Russia,Russian,Cybersecurity,1.1,53.0338733431517,4,1,82,Beginner
FL250397,Mindy York,Female,58,Argentina,Spanish,Data Analysis,1.1,50.0,2,0,77,Beginner
FL250398,Ms. Christine Cherry,Female,45,Netherlands,Dutch,Data Analysis,1.7,53.0338733431517,4,1,73,Beginner
FL250399,Daniel Foster,Male,51,South Korea,Korean,Cybersecurity,5.0,53.0338733431517,3,1,88,Expert
FL250400,Mr. David Valencia,Male,54,United States,English,UI/UX Design,3.0,30.0,2,0,81,Expert
FL250401,Ethan Adams,Male,22,Russia,Russian,Data Analysis,1.0,20.0,1,1,78,Beginner
FL250402,Brett Moore,Male,36,Turkey,Turkish,Cybersecurity,2.0,75.0,2,0,92,Intermediate
FL250403,Phillip Griffin,Male,50,Germany,German,DevOps,3.2,53.0338733431517,2,0,64,Expert
FL250404,Stacie Wall,Female,41,Australia,English,Blockchain Development,1.4,30.0,2,1,78,Beginner
FL250405,Jacob Austin,Male,21,South Africa,Afrikaans,Web Development,10.0,20.0,1,1,85,Expert
FL250406,Sabrina Davidson,Female,51,Netherlands,Dutch,Cybersecurity,2.7,53.0338733431517,2,0,78,Intermediate
FL250407,Dustin Douglas,Male,21,France,French,AI,2.0,53.0338733431517,3,1,98,Intermediate
FL250408,Steven Norris,Male,51,Japan,Japanese,AI,3.3,40.0,2,1,63,Expert
FL250409,Mindy Sullivan,Female,37,Indonesia,Indonesian,Graphic Design,1.1,40.0,3,1,73,Beginner
FL250410,Elizabeth Stone,Female,20,Spain,Spanish,Graphic Design,2.0,30.0,2,0,94,Intermediate
FL250411,Diane Flores,Female,50,Australia,English,Web Development,3.1,53.0338733431517,4,1,81,Expert
FL250412,Jessica Erickson,Female,58,Turkey,Turkish,Graphic Design,1.7,53.0338733431517,2,1,61,Beginner
FL250413,Sara Moses,Female,40,Brazil,Portuguese,UI/UX Design,2.0,53.0338733431517,2,0,79,Intermediate
FL250414,Allison Henderson,Female,26,Egypt,Arabic,Web Development,2.0,20.0,1,0,83,Intermediate
FL250415,Susan Dixon,Female,44,South Korea,Korean,Cybersecurity,2.2,30.0,4,1,79,Intermediate
FL250416,David Morrison,Male,42,Mexico,Spanish,Machine Learning,8.0,53.0338733431517,2,0,68,Expert
FL250417,Jason Carter,Male,38,Mexico,Spanish,Data Analysis,9.0,53.0338733431517,2,0,74,Expert
FL250418,James Jacobs,Male,51,Egypt,Arabic,Web Development,3.2,100.0,4,0,91,Expert
FL250419,Kathleen Quinn,Female,36,France,French,AI,8.0,100.0,2,1,97,Expert
FL250420,Natalie Frank MD,Female,37,Australia,English,Mobile Apps,10.0,30.0,2,0,96,Expert
FL250421,Michael Reed,Male,31,South Africa,Afrikaans,DevOps,1.1,50.0,1,1,73,Beginner
FL250422,Sheila Smith,Female,47,India,Hindi,Cybersecurity,2.2,53.0338733431517,1,1,72,Intermediate
FL250423,Morgan Ford,Female,60,Mexico,Spanish,UI/UX Design,3.4,53.0338733431517,2,1,74,Expert
FL250424,Linda Schultz,Female,48,Argentina,Spanish,Mobile Apps,5.0,30.0,1,1,79,Expert
FL250425,Regina Daniel,Female,24,India,Hindi,AI,3.0,20.0,2,1,79,Expert
FL250426,Allison Perkins,Female,35,Netherlands,Dutch,Machine Learning,10.0,75.0,2,1,74,Expert
FL250427,Bradley Weaver,Male,35,United States,English,DevOps,1.1,100.0,3,1,71,Beginner
FL250428,Sarah Hall,Female,29,Netherlands,Dutch,UI/UX Design,6.0,53.0338733431517,4,1,83,Expert
FL250429,Diana Walton,Female,36,Italy,Italian,Machine Learning,1.0,53.0338733431517,2,1,63,Beginner
FL250430,Donna Davis,Female,44,Canada,English,AI,1.1,53.0338733431517,4,1,84,Beginner
FL250431,Christopher Mcclain,Male,44,South Africa,Afrikaans,Web Development,1.1,53.0338733431517,1,0,93,Beginner
FL250432,Dr. Paul Williamson,Male,40,India,Hindi,AI,1.3,100.0,1,1,79,Beginner
FL250433,Barbara Brown,Female,53,Netherlands,Dutch,Machine Learning,1.3,53.0338733431517,3,1,93,Beginner
FL250434,Kimberly Allen,Female,35,Germany,German,Blockchain Development,1.1,30.0,4,1,97,Beginner
FL250435,Elizabeth Edwards,Female,27,Argentina,Spanish,Machine Learning,7.0,75.0,2,1,92,Expert
FL250436,Anthony Downs,Male,34,Australia,English,DevOps,6.0,50.0,5,1,92,Expert
FL250437,Jack Ortega,Male,24,India,Hindi,Cybersecurity,2.0,75.0,4,0,68,Intermediate
FL250438,Marvin Moore,Male,57,United States,English,UI/UX Design,1.3,100.0,3,0,95,Beginner
FL250439,Tony French,Male,28,South Korea,Korean,UI/UX Design,7.0,53.0338733431517,4,0,76,Expert
FL250440,Stacy Hudson,Female,26,Italy,Italian,DevOps,7.0,100.0,3,1,66,Expert
FL250441,Scott Washington,Male,34,Argentina,Spanish,Mobile Apps,1.5,75.0,2,0,73,Beginner
FL250442,Timothy Wright,Male,43,Japan,Japanese,AI,1.1,20.0,2,1,99,Beginner
FL250443,Joseph Gonzalez,Male,31,China,Mandarin,Graphic Design,5.0,53.0338733431517,2,1,94,Expert
FL250444,Andrea Perez,Female,34,China,Mandarin,Blockchain Development,1.1,53.0338733431517,2,0,84,Beginner
FL250445,Angel Collins,Female,32,Russia,Russian,Cybersecurity,10.0,53.0338733431517,2,1,92,Expert
FL250446,Daniel Terry,Male,24,Egypt,Arabic,DevOps,6.0,53.0338733431517,4,1,79,Expert
FL250447,Steven Whitaker,Male,35,United Kingdom,English,AI,8.0,50.0,2,0,90,Expert
FL250448,Denise Neal,Female,22,Australia,English,Mobile Apps,4.0,20.0,2,0,73,Expert
FL250449,Amanda Jacobs,Female,55,Egypt,Arabic,AI,3.0,100.0,2,1,73,Expert
FL250450,Karen Mercer,Female,54,Argentina,Spanish,Machine Learning,1.1,30.0,2,1,78,Beginner
FL250451,Lindsay Hudson,Female,36,Netherlands,Dutch,Cybersecurity,1.1,53.0338733431517,2,1,63,Beginner
FL250452,Stephanie Armstrong,Female,36,Netherlands,Dutch,AI,1.7,50.0,1,1,64,Beginner
FL250453,Dr. Jessica Campbell,Female,25,Argentina,Spanish,Web Development,1.0,75.0,2,1,79,Beginner
FL250454,Curtis Maxwell,Male,46,Indonesia,Indonesian,AI,1.6,20.0,4,1,86,Beginner
FL250455,Adam Kelly PhD,Male,41,Argentina,Spanish,Machine Learning,1.1,53.0338733431517,2,0,79,Beginner
FL250456,Julie Becker,Female,21,Russia,Russian,Mobile Apps,3.0,53.0338733431517,4,1,96,Expert
FL250457,James Moore,Male,29,United States,English,Graphic Design,1.1,53.0338733431517,2,0,79,Beginner
FL250458,Danielle Barrera,Female,44,United States,English,Mobile Apps,3.0,53.0338733431517,2,0,77,Expert
FL250459,David Sanchez,Male,40,Canada,English,Machine Learning,1.0,100.0,2,1,79,Beginner
FL250460,Tiffany Bowman,Female,27,Egypt,Arabic,Data Analysis,1.0,30.0,1,0,65,Beginner
FL250461,Jesus Quinn,Male,53,France,French,Mobile Apps,3.5,53.0338733431517,5,1,62,Expert
FL250462,Mr. Danny Morris DDS,Male,20,Turkey,Turkish,Data Analysis,1.0,50.0,2,0,81,Beginner
FL250463,Nicole York,Female,21,Japan,Japanese,DevOps,1.2,53.0338733431517,4,1,62,Beginner
FL250464,John Mathis,Male,26,Mexico,Spanish,Web Development,8.0,40.0,4,1,87,Expert
FL250465,Julie Barnett,Female,49,Brazil,Portuguese,Machine Learning,1.3,53.0338733431517,2,0,79,Beginner
FL250466,Jasmine Harris,Female,20,Egypt,Arabic,Data Analysis,1.1,30.0,2,1,76,Beginner
FL250467,Mary Henry,Female,39,China,Mandarin,Blockchain Development,1.1,100.0,2,1,70,Beginner
FL250468,Judith Riggs,Female,41,China,Mandarin,Machine Learning,1.9,100.0,3,1,71,Beginner
FL250469,Justin Ruiz,Male,59,Canada,English,Mobile Apps,3.0,30.0,4,1,83,Expert
FL250470,Jennifer Sullivan,Female,45,Australia,English,Blockchain Development,8.0,40.0,2,0,78,Expert
FL250471,Jesse Moran,Male,22,Indonesia,Indonesian,Cybersecurity,1.1,40.0,1,1,78,Beginner
FL250472,Monica Smith,Female,48,India,Hindi,Mobile Apps,7.0,50.0,4,1,60,Expert
FL250473,Ian May,Male,36,France,French,Blockchain Development,1.1,53.0338733431517,1,1,79,Beginner
FL250474,Kayla Meyers,Female,57,China,Mandarin,Blockchain Development,1.1,75.0,4,1,79,Beginner
FL250475,John Bray,Male,42,United States,English,UI/UX Design,1.4,53.0338733431517,1,0,94,Beginner
FL250476,James Smith,Male,31,Indonesia,Indonesian,Cybersecurity,1.1,53.0338733431517,4,0,62,Beginner
FL250477,Mark Duncan,Male,52,Spain,Spanish,Cybersecurity,3.1,30.0,2,1,79,Expert
FL250478,Matthew Gay,Male,56,Netherlands,Dutch,DevOps,1.6,30.0,2,1,79,Beginner
FL250479,Cheryl Freeman,Female,24,Netherlands,Dutch,DevOps,6.0,30.0,2,1,84,Expert
FL250480,Patrick Welch,Male,48,Canada,English,DevOps,2.1,75.0,2,1,79,Intermediate
FL250481,Craig Levine,Male,59,France,French,Cybersecurity,1.3,40.0,2,0,65,Beginner
FL250482,Richard Harvey,Male,21,United Kingdom,English,Web Development,1.1,40.0,1,1,94,Beginner
FL250483,Bonnie Sherman,Female,21,Netherlands,Dutch,Mobile Apps,1.1,53.0338733431517,3,0,69,Beginner
FL250484,Keith Trujillo,Male,25,Netherlands,Dutch,Mobile Apps,1.1,50.0,2,1,65,Beginner
FL250485,Corey Combs,Male,31,Egypt,Arabic,Mobile Apps,2.0,53.0338733431517,2,0,60,Intermediate
FL250486,Antonio King,Male,40,Turkey,Turkish,DevOps,1.2,75.0,2,0,79,Beginner
FL250487,Amy Lee,Female,48,Russia,Russian,Blockchain Development,1.3,53.0338733431517,2,1,62,Beginner
FL250488,Jennifer Rogers,Female,24,South Africa,Afrikaans,Mobile Apps,6.0,30.0,1,1,79,Expert
FL250489,Jeffrey Cooper,Male,33,Indonesia,Indonesian,Web Development,10.0,30.0,2,1,89,Expert
FL250490,Allison Williams,Female,43,Brazil,Portuguese,UI/UX Design,2.0,53.0338733431517,2,1,89,Intermediate
FL250491,Raymond Sherman,Male,43,Spain,Spanish,Blockchain Development,4.0,50.0,2,1,100,Expert
FL250492,Jennifer Nelson,Female,33,Australia,English,Web Development,1.1,53.0338733431517,4,1,79,Beginner
FL250493,Jennifer Carter,Female,49,Russia,Russian,UI/UX Design,1.4,40.0,1,1,60,Beginner
FL250494,Todd Williams,Male,55,Canada,English,UI/UX Design,10.0,40.0,2,0,85,Expert
FL250495,Emily Horton,Female,33,South Korea,Korean,Graphic Design,3.0,53.0338733431517,1,1,83,Expert
FL250496,Lance Lester,Male,32,Argentina,Spanish,AI,3.0,53.0338733431517,1,1,96,Expert
FL250497,Kevin Flores,Male,58,Netherlands,Dutch,Blockchain Development,3.3,53.0338733431517,4,1,83,Expert
FL250498,Aaron Stewart PhD,Male,49,Indonesia,Indonesian,Data Analysis,2.4,100.0,4,0,60,Intermediate
FL250499,Robin Moore,Female,22,Russia,Russian,UI/UX Design,3.0,100.0,3,1,78,Expert
FL250500,Suzanne Ingram,Female,40,Egypt,Arabic,Web Development,1.1,53.0338733431517,1,1,90,Beginner
FL250501,Jacob Mclaughlin,Male,55,Australia,English,Data Analysis,7.0,100.0,2,0,66,Expert
FL250502,Michael Nunez,Male,32,Mexico,Spanish,DevOps,1.0,53.0338733431517,2,1,70,Beginner
FL250503,Isabel Brown,Female,21,Japan,Japanese,UI/UX Design,1.1,30.0,4,1,79,Beginner
FL250504,Michael Stein,Male,23,South Korea,Korean,Blockchain Development,1.0,40.0,2,0,64,Beginner
FL250505,Robert Stone,Male,21,United Kingdom,English,Mobile Apps,1.0,30.0,1,1,81,Beginner
FL250506,Dillon Henry,Male,31,Argentina,Spanish,AI,7.0,75.0,4,0,83,Expert
FL250507,James Todd,Male,21,Mexico,Spanish,Blockchain Development,1.1,40.0,4,0,91,Beginner
FL250508,Clifford Moore MD,Male,33,United Kingdom,English,Cybersecurity,6.0,50.0,3,1,79,Expert
FL250509,John Rios,Male,57,Brazil,Portuguese,Web Development,5.0,75.0,1,1,77,Expert
FL250510,Anthony Gaines,Male,52,United States,English,DevOps,1.7,75.0,2,0,94,Beginner
FL250511,Kristi Brown DVM,Female,21,Germany,German,Web Development,1.1,53.0338733431517,3,1,61,Beginner
FL250512,Ashley Odonnell,Female,36,Argentina,Spanish,UI/UX Design,8.0,100.0,1,1,68,Expert
FL250513,Ronald Elliott,Male,33,Spain,Spanish,Machine Learning,1.3,50.0,2,1,70,Beginner
FL250514,Lorraine Lowery,Female,54,United Kingdom,English,Data Analysis,1.5,40.0,4,1,71,Beginner
FL250515,Victoria Chapman,Female,33,United States,English,Blockchain Development,2.0,100.0,3,0,79,Intermediate
FL250516,Heather Davis,Female,36,Japan,Japanese,Machine Learning,9.0,53.0338733431517,2,1,78,Expert
FL250517,Diana Chase,Female,36,Turkey,Turkish,AI,3.0,50.0,2,0,75,Expert
FL250518,Danielle Adkins,Female,43,China,Mandarin,AI,1.5,53.0338733431517,4,1,91,Beginner
FL250519,Kenneth Arias,Male,52,United Kingdom,English,Data Analysis,2.1,75.0,2,1,66,Intermediate
FL250520,Victoria Owen,Female,28,Indonesia,Indonesian,Cybersecurity,2.0,75.0,1,1,68,Intermediate
FL250521,Christina King,Female,47,China,Mandarin,Cybersecurity,2.1,53.0338733431517,2,1,79,Intermediate
FL250522,Samantha King,Female,30,France,French,DevOps,1.1,100.0,4,0,62,Beginner
FL250523,Scott Compton,Male,36,Egypt,Arabic,Blockchain Development,4.0,40.0,2,0,90,Expert
FL250524,Monica West,Female,45,United States,English,UI/UX Design,2.3,100.0,2,0,96,Intermediate
FL250525,Theresa Stewart,Female,51,United States,English,Blockchain Development,2.5,50.0,1,1,60,Intermediate
FL250526,Steven Kim,Male,46,Turkey,Turkish,Mobile Apps,10.0,53.0338733431517,4,1,62,Expert
FL250527,Kristi Knight,Female,38,Italy,Italian,Data Analysis,1.8,40.0,4,0,74,Beginner
FL250528,Jason Bryant,Male,26,Spain,Spanish,Blockchain Development,1.0,53.0338733431517,2,1,79,Beginner
FL250529,Maureen Keith,Female,40,United Kingdom,English,DevOps,1.2,30.0,3,1,98,Beginner
FL250530,Shawn Hogan,Male,37,Germany,German,Machine Learning,1.1,53.0338733431517,1,1,63,Beginner
FL250531,William Davis,Male,28,Canada,English,Blockchain Development,5.0,53.0338733431517,2,1,96,Expert
FL250532,Stacy Bailey,Female,48,India,Hindi,Mobile Apps,2.8,20.0,2,0,88,Intermediate
FL250533,Thomas Dixon,Male,22,India,Hindi,AI,1.1,53.0338733431517,4,0,79,Beginner
FL250534,Maria Hall,Female,41,Germany,German,Web Development,1.4,40.0,1,1,73,Beginner
FL250535,Tony Lee,Male,38,United States,English,Graphic Design,1.5,53.0338733431517,4,0,88,Beginner
FL250536,Catherine Mccoy MD,Female,31,South Africa,Afrikaans,UI/UX Design,9.0,53.0338733431517,2,0,91,Expert
FL250537,Maria Benitez,Female,30,China,Mandarin,Mobile Apps,9.0,53.0338733431517,3,0,65,Expert
FL250538,Joshua Chambers,Male,51,Mexico,Spanish,UI/UX Design,2.2,20.0,3,1,90,Intermediate
FL250539,Janice Daniels,Female,21,Germany,German,DevOps,1.1,53.0338733431517,2,1,72,Beginner
FL250540,Carla Wood,Female,20,Italy,Italian,DevOps,1.0,40.0,2,1,72,Beginner
FL250541,Kenneth Vasquez,Male,30,Japan,Japanese,Blockchain Development,5.0,53.0338733431517,4,1,79,Expert
FL250542,Kevin Smith,Male,41,China,Mandarin,Data Analysis,1.1,40.0,4,1,68,Beginner
FL250543,Thomas Kim,Male,22,Spain,Spanish,Blockchain Development,1.1,53.0338733431517,2,0,87,Beginner
FL250544,Sean Park,Male,45,Mexico,Spanish,Cybersecurity,1.9,75.0,2,0,72,Beginner
FL250545,Judith Poole,Female,22,Australia,English,Data Analysis,2.0,40.0,1,0,76,Intermediate
FL250546,Melanie Baird,Female,20,Turkey,Turkish,Mobile Apps,1.1,100.0,2,0,63,Beginner
FL250547,Erika Mitchell,Female,20,Canada,English,Data Analysis,2.0,40.0,2,1,91,Intermediate
FL250548,Ricky Martinez,Male,21,United Kingdom,English,AI,1.1,100.0,2,0,73,Beginner
FL250549,John Christian,Male,22,Netherlands,Dutch,Cybersecurity,1.0,40.0,2,0,63,Beginner
FL250550,Nancy Smith,Female,28,United Kingdom,English,DevOps,3.0,20.0,2,1,79,Expert
FL250551,Cassandra Stephens,Female,59,Argentina,Spanish,AI,1.1,20.0,4,0,75,Beginner
FL250552,Miss Janet Donovan MD,Female,28,France,French,Web Development,1.0,53.0338733431517,2,0,70,Beginner
FL250553,Kristina Williams,Female,40,Australia,English,DevOps,1.1,53.0338733431517,1,1,87,Beginner
FL250554,Wayne Barnes,Male,57,Italy,Italian,Blockchain Development,7.0,30.0,1,0,79,Expert
FL250555,James Hinton,Male,47,Turkey,Turkish,DevOps,1.0,50.0,3,1,88,Beginner
FL250556,David Spence,Male,48,South Korea,Korean,Cybersecurity,2.1,40.0,2,1,79,Intermediate
FL250557,Tyler Cooper,Male,28,United States,English,UI/UX Design,1.0,20.0,4,0,93,Beginner
FL250558,Sean Martinez,Male,41,Turkey,Turkish,Graphic Design,1.5,53.0338733431517,3,1,79,Beginner
FL250559,Janet Barron,Female,57,South Africa,Afrikaans,Cybersecurity,3.3,100.0,3,0,74,Expert
FL250560,Rodney Wilson,Male,60,Argentina,Spanish,Graphic Design,3.9,75.0,4,1,70,Expert
FL250561,Kimberly Fitzgerald,Female,48,Egypt,Arabic,Graphic Design,2.1,30.0,1,1,67,Intermediate
FL250562,Nicole Davis,Female,24,France,French,Cybersecurity,5.0,40.0,3,0,86,Expert
FL250563,Elizabeth Hayes,Female,33,Mexico,Spanish,DevOps,1.1,50.0,5,1,69,Beginner
FL250564,Kathy Faulkner,Female,20,Turkey,Turkish,Graphic Design,1.1,30.0,4,1,68,Beginner
FL250565,John Gonzales,Male,59,United Kingdom,English,DevOps,1.5,53.0338733431517,2,0,79,Beginner
FL250566,Shannon Luna,Female,42,China,Mandarin,DevOps,2.2,53.0338733431517,2,0,61,Intermediate
FL250567,Stephanie Burton,Female,22,Turkey,Turkish,UI/UX Design,3.0,53.0338733431517,3,1,96,Expert
FL250568,Kevin Gonzales,Male,41,Canada,English,Cybersecurity,1.1,50.0,3,1,68,Beginner
FL250569,Dawn Hardy,Female,25,Argentina,Spanish,Web Development,5.0,40.0,2,1,75,Expert
FL250570,Margaret Perkins,Female,38,Canada,English,UI/UX Design,3.0,40.0,4,0,69,Expert
FL250571,Amanda Vargas,Female,43,United States,English,DevOps,1.0,53.0338733431517,2,0,78,Beginner
FL250572,Tonya Gonzalez,Female,54,Mexico,Spanish,AI,1.0,75.0,4,1,79,Beginner
FL250573,Elizabeth Bowman,Female,31,Indonesia,Indonesian,Mobile Apps,2.0,40.0,2,1,98,Intermediate
FL250574,Ariana Pittman,Female,56,Mexico,Spanish,AI,3.0,53.0338733431517,3,1,83,Expert
FL250575,Antonio Johnson,Male,46,Mexico,Spanish,Graphic Design,1.1,53.0338733431517,1,1,91,Beginner
FL250576,Justin Lang,Male,60,Egypt,Arabic,AI,1.1,100.0,2,1,96,Beginner
FL250577,Kelli Ramirez,Female,28,South Korea,Korean,Graphic Design,2.0,50.0,2,1,85,Intermediate
FL250578,Deborah Torres,Female,43,Indonesia,Indonesian,Web Development,2.0,30.0,2,0,72,Intermediate
FL250579,Joseph Horn,Male,41,France,French,Web Development,1.1,53.0338733431517,4,1,69,Beginner
FL250580,Christopher Robinson,Male,41,United Kingdom,English,DevOps,1.1,53.0338733431517,3,0,90,Beginner
FL250581,Sandra Mccormick,Female,40,United Kingdom,English,Mobile Apps,2.0,20.0,2,0,92,Intermediate
FL250582,Michael Holland,Male,45,Germany,German,DevOps,3.0,20.0,1,1,91,Expert
FL250583,Kenneth Stevenson,Male,47,Egypt,Arabic,DevOps,2.8,50.0,2,1,79,Intermediate
FL250584,Timothy Bennett,Male,34,India,Hindi,Data Analysis,1.1,40.0,3,0,98,Beginner
FL250585,Gregory Randall,Male,47,United States,English,UI/UX Design,4.0,20.0,4,1,82,Expert
FL250586,Charles Martinez,Male,32,Mexico,Spanish,UI/UX Design,9.0,40.0,1,1,83,Expert
FL250587,James Hall,Male,28,United Kingdom,English,Mobile Apps,2.0,53.0338733431517,4,1,79,Intermediate
FL250588,Michael Garcia,Male,32,Australia,English,DevOps,1.0,100.0,3,1,79,Beginner
FL250589,Michele Duran,Female,49,Netherlands,Dutch,AI,2.0,53.0338733431517,3,1,85,Intermediate
FL250590,Jessica Gray,Female,36,Argentina,Spanish,Mobile Apps,1.6,20.0,3,1,79,Beginner
FL250591,Keith Shaffer,Male,59,Mexico,Spanish,Blockchain Development,2.2,20.0,3,1,63,Intermediate
FL250592,Jessica Decker,Female,52,Canada,English,Cybersecurity,2.2,53.0338733431517,2,0,79,Intermediate
FL250593,Brianna Pittman,Female,24,China,Mandarin,Blockchain Development,5.0,40.0,1,1,86,Expert
FL250594,Kimberly Hunter,Female,26,Australia,English,Graphic Design,2.0,75.0,2,1,60,Intermediate
FL250595,Daniel Martin,Male,55,Canada,English,Cybersecurity,2.4,40.0,2,1,88,Intermediate
FL250596,Rachel Smith,Female,56,Italy,Italian,Mobile Apps,3.7,40.0,2,1,70,Expert
FL250597,Michael Miller,Male,36,France,French,Graphic Design,3.0,50.0,1,1,77,Expert
FL250598,Willie Clark,Male,48,Argentina,Spanish,Web Development,1.8,75.0,2,0,80,Beginner
FL250599,Jeremy Hernandez,Male,55,Egypt,Arabic,Machine Learning,6.0,53.0338733431517,3,1,79,Expert
FL250600,Tina Shelton,Female,56,Spain,Spanish,DevOps,1.7,53.0338733431517,1,1,87,Beginner
FL250601,Dr. Pamela Larson,Female,28,Canada,English,Blockchain Development,1.0,75.0,2,1,93,Beginner
FL250602,Ryan Ewing,Male,60,United States,English,AI,3.9,100.0,1,1,88,Expert
FL250603,Mark Cochran,Male,34,South Korea,Korean,Blockchain Development,1.5,20.0,2,0,100,Beginner
FL250604,Martha Carson,Female,38,Indonesia,Indonesian,AI,1.3,53.0338733431517,2,1,61,Beginner
FL250605,Heather Jackson,Female,51,South Korea,Korean,Web Development,1.7,100.0,3,0,79,Beginner
FL250606,Megan Young,Female,21,Japan,Japanese,Mobile Apps,1.0,30.0,1,1,73,Beginner
FL250607,Thomas Davis,Male,35,Italy,Italian,UI/UX Design,1.6,53.0338733431517,1,1,64,Beginner
FL250608,Thomas Mooney,Male,27,Brazil,Portuguese,Web Development,9.0,53.0338733431517,2,1,79,Expert
FL250609,Susan Smith,Female,42,Turkey,Turkish,Mobile Apps,2.0,50.0,3,1,93,Intermediate
FL250610,Brianna Orr,Female,52,Canada,English,Blockchain Development,2.9,30.0,3,0,68,Intermediate
FL250611,Dustin Smith,Male,53,South Korea,Korean,Web Development,2.1,40.0,4,1,62,Intermediate
FL250612,Sarah White,Female,54,Italy,Italian,Mobile Apps,2.8,40.0,1,0,79,Intermediate
FL250613,Michael Davis,Male,51,Japan,Japanese,Graphic Design,5.0,50.0,4,1,82,Expert
FL250614,Jennifer Phillips,Female,30,South Korea,Korean,Web Development,1.1,53.0338733431517,2,0,79,Beginner
FL250615,Dana Sanders,Female,45,Netherlands,Dutch,Machine Learning,2.7,75.0,2,1,85,Intermediate
FL250616,Daniel Quinn,Male,57,Indonesia,Indonesian,Graphic Design,2.6,100.0,2,1,78,Intermediate
FL250617,Matthew Steele,Male,38,Turkey,Turkish,Blockchain Development,1.9,40.0,2,1,86,Beginner
FL250618,Michele Taylor,Female,42,Russia,Russian,DevOps,2.4,40.0,2,0,88,Intermediate
FL250619,Ashley Hammond,Female,30,South Africa,Afrikaans,DevOps,7.0,30.0,3,1,68,Expert
FL250620,Nicole Taylor,Female,43,Australia,English,Web Development,1.3,53.0338733431517,1,1,97,Beginner
FL250621,Casey Bush,Male,22,Egypt,Arabic,UI/UX Design,2.0,53.0338733431517,1,0,91,Intermediate
FL250622,Samuel Patterson,Male,57,Mexico,Spanish,Machine Learning,3.7,30.0,4,0,79,Expert
FL250623,Craig Dennis,Male,44,United Kingdom,English,Graphic Design,1.0,53.0338733431517,4,1,97,Beginner
FL250624,Heidi Dixon,Female,46,China,Mandarin,DevOps,5.0,30.0,2,1,64,Expert
FL250625,David Bishop,Male,21,Spain,Spanish,Blockchain Development,1.0,50.0,2,0,87,Beginner
FL250626,Laura Butler,Female,34,Australia,English,Data Analysis,2.0,100.0,2,0,86,Intermediate
FL250627,Denise Erickson,Female,46,Italy,Italian,Mobile Apps,1.1,53.0338733431517,4,1,97,Beginner
FL250628,Nicole Austin,Female,22,France,French,Blockchain Development,1.1,30.0,4,0,73,Beginner
FL250629,Summer Williams,Female,23,South Africa,Afrikaans,AI,1.1,75.0,2,1,60,Beginner
FL250630,Angela Blackwell,Female,60,Turkey,Turkish,Web Development,4.1,53.0338733431517,4,1,66,Expert
FL250631,Thomas Wall,Male,20,Canada,English,DevOps,1.1,53.0338733431517,4,0,90,Beginner
FL250632,Sarah Anderson,Female,41,South Korea,Korean,UI/UX Design,2.3,53.0338733431517,1,0,79,Intermediate
FL250633,Christian Lane,Male,24,France,French,Mobile Apps,1.1,100.0,2,0,79,Beginner
FL250634,Todd Casey,Male,44,Netherlands,Dutch,Machine Learning,4.0,53.0338733431517,1,1,77,Expert
FL250635,David Martinez,Male,52,China,Mandarin,UI/UX Design,4.0,75.0,2,1,79,Expert
FL250636,Donald Salas,Male,35,Spain,Spanish,Machine Learning,1.3,40.0,3,0,83,Beginner
FL250637,Emma Hicks,Female,24,Netherlands,Dutch,DevOps,2.0,53.0338733431517,2,1,64,Intermediate
FL250638,Alison Clark,Female,46,Australia,English,Cybersecurity,2.5,53.0338733431517,1,0,80,Intermediate
FL250639,Andrew Barnes,Male,57,Mexico,Spanish,Mobile Apps,1.8,30.0,1,0,90,Beginner
FL250640,Gina Snyder,Female,49,Mexico,Spanish,Web Development,2.4,53.0338733431517,2,0,94,Intermediate
FL250641,David Watson,Male,41,Japan,Japanese,AI,7.0,40.0,1,0,70,Expert
FL250642,John Davis,Male,22,Mexico,Spanish,Machine Learning,1.0,20.0,2,1,75,Beginner
FL250643,Joseph Thomas,Male,50,Australia,English,Blockchain Development,1.7,75.0,3,1,69,Beginner
FL250644,Dean Finley,Male,57,Germany,German,Graphic Design,4.0,30.0,4,0,79,Expert
FL250645,Ashley Kemp,Female,47,Mexico,Spanish,AI,2.9,53.0338733431517,2,1,79,Intermediate
FL250646,Kenneth Evans,Male,24,South Africa,Afrikaans,Data Analysis,2.0,53.0338733431517,3,1,71,Intermediate
FL250647,Brandon Newman,Male,21,India,Hindi,Cybersecurity,9.0,100.0,4,1,72,Expert
FL250648,Katie Hensley,Female,50,Germany,German,DevOps,10.0,53.0338733431517,4,1,93,Expert
FL250649,Joel Randolph,Male,46,Brazil,Portuguese,Machine Learning,2.0,53.0338733431517,4,1,82,Intermediate
FL250650,Andrew Scott,Male,51,Australia,English,Cybersecurity,9.0,53.0338733431517,2,1,60,Expert
FL250651,Zachary Ochoa,Male,51,United Kingdom,English,AI,1.2,20.0,4,0,93,Beginner
FL250652,John Arroyo,Male,27,United Kingdom,English,AI,3.0,50.0,2,0,79,Expert
FL250653,Matthew Fernandez,Male,42,Spain,Spanish,Web Development,1.3,30.0,2,0,74,Beginner
FL250654,Benjamin Stark,Male,25,Germany,German,UI/UX Design,4.0,53.0338733431517,2,1,73,Expert
FL250655,Tammy Greer,Female,32,Germany,German,Data Analysis,9.0,75.0,2,1,96,Expert
FL250656,Cynthia Mckinney,Female,59,Canada,English,Graphic Design,1.4,30.0,3,1,66,Beginner
FL250657,Wendy Rice,Female,59,France,French,Cybersecurity,3.7,30.0,4,0,62,Expert
FL250658,Randy Bender,Male,29,Germany,German,Graphic Design,2.0,75.0,2,1,85,Intermediate
FL250659,Richard Dominguez,Male,58,China,Mandarin,AI,1.1,100.0,4,0,66,Beginner
FL250660,Melissa Maldonado,Female,56,Canada,English,Cybersecurity,1.9,20.0,2,0,87,Beginner
FL250661,Leah Harris,Female,36,United States,English,Machine Learning,9.0,20.0,2,1,68,Expert
FL250662,Lynn French,Female,52,Canada,English,UI/UX Design,1.6,100.0,4,1,79,Beginner
FL250663,Angela Johnson,Female,42,Netherlands,Dutch,Mobile Apps,8.0,50.0,2,1,79,Expert
FL250664,Sarah Edwards,Female,59,India,Hindi,Mobile Apps,3.4,100.0,2,1,79,Expert
FL250665,Roy Collins,Male,33,Netherlands,Dutch,Mobile Apps,5.0,53.0338733431517,4,1,88,Expert
FL250666,Samantha Porter,Female,55,Canada,English,Web Development,1.4,50.0,3,1,81,Beginner
FL250667,Juan Elliott,Male,47,South Korea,Korean,UI/UX Design,1.7,50.0,1,1,79,Beginner
FL250668,Elizabeth Phillips,Female,29,Mexico,Spanish,AI,10.0,53.0338733431517,4,1,67,Expert
FL250669,Laura Evans,Female,30,United Kingdom,English,DevOps,8.0,100.0,1,1,62,Expert
FL250670,Amanda Mitchell,Female,25,Canada,English,DevOps,1.0,30.0,3,0,87,Beginner
FL250671,Sandra Williams,Female,28,Egypt,Arabic,Cybersecurity,10.0,53.0338733431517,3,1,98,Expert
FL250672,Eric Johnson,Male,29,South Korea,Korean,Blockchain Development,1.1,53.0338733431517,1,1,64,Beginner
FL250673,Javier Hobbs,Male,30,Spain,Spanish,Graphic Design,4.0,53.0338733431517,2,1,71,Expert
FL250674,Jacob Jones,Male,47,Egypt,Arabic,AI,2.0,50.0,2,0,96,Intermediate
FL250675,Zachary Murphy,Male,34,Australia,English,Blockchain Development,10.0,53.0338733431517,3,1,79,Expert
FL250676,Joshua Owens,Male,45,United States,English,Graphic Design,1.6,100.0,4,1,78,Beginner
FL250677,Dawn Mitchell,Female,56,Spain,Spanish,Cybersecurity,2.7,53.0338733431517,2,0,70,Intermediate
FL250678,Regina Dunn,Female,49,China,Mandarin,DevOps,2.0,50.0,2,0,82,Intermediate
FL250679,Ernest Cole,Male,48,France,French,AI,10.0,53.0338733431517,3,0,79,Expert
FL250680,Hannah Sanders,Female,29,South Korea,Korean,Graphic Design,1.1,53.0338733431517,2,1,99,Beginner
FL250681,Ellen Bowman,Female,49,Netherlands,Dutch,Web Development,1.1,75.0,3,1,93,Beginner
FL250682,Nancy Moore,Female,22,China,Mandarin,Blockchain Development,1.0,100.0,4,1,75,Beginner
FL250683,Joseph Wood,Male,52,Mexico,Spanish,Graphic Design,3.0,100.0,2,1,61,Expert
FL250684,Michael Harrell,Male,60,Canada,English,Blockchain Development,7.0,30.0,2,0,97,Expert
FL250685,Connie Mcclain,Female,33,Japan,Japanese,UI/UX Design,1.1,53.0338733431517,1,1,95,Beginner
FL250686,Matthew Baldwin,Male,52,South Korea,Korean,Graphic Design,2.1,40.0,4,1,69,Intermediate
FL250687,Danielle Nelson,Female,25,Germany,German,DevOps,7.0,100.0,1,0,63,Expert
FL250688,Steven Moore,Male,33,Japan,Japanese,Cybersecurity,1.1,30.0,4,1,65,Beginner
FL250689,Megan Hudson,Female,33,China,Mandarin,Mobile Apps,1.1,53.0338733431517,4,1,90,Beginner
FL250690,Lisa Johnson,Female,52,Canada,English,UI/UX Design,2.5,100.0,4,1,79,Intermediate
FL250691,Tracy White,Female,20,Indonesia,Indonesian,Web Development,1.0,30.0,2,0,89,Beginner
FL250692,Natalie Diaz,Female,43,Russia,Russian,Data Analysis,7.0,50.0,2,1,80,Expert
FL250693,Amanda Mitchell,Female,31,France,French,Mobile Apps,1.1,50.0,1,0,80,Beginner
FL250694,Karen Scott,Female,29,Germany,German,Data Analysis,6.0,100.0,1,1,79,Expert
FL250695,Mary Brown,Female,53,South Africa,Afrikaans,Graphic Design,3.5,53.0338733431517,2,1,67,Expert
FL250696,Jon Jones,Male,38,India,Hindi,Mobile Apps,1.0,40.0,2,0,96,Beginner
FL250697,Jason Phillips,Male,29,Spain,Spanish,Graphic Design,1.1,20.0,2,0,90,Beginner
FL250698,Eric Walsh,Male,42,South Korea,Korean,UI/UX Design,1.1,53.0338733431517,3,0,62,Beginner
FL250699,Carol Schneider,Female,54,United States,English,Machine Learning,9.0,100.0,2,1,72,Expert
FL250700,Juan Hines,Male,56,China,Mandarin,UI/UX Design,1.8,50.0,4,1,83,Beginner
FL250701,Martha Sweeney,Female,47,Turkey,Turkish,Graphic Design,2.2,100.0,4,0,70,Intermediate
FL250702,Jason Weaver,Male,45,Russia,Russian,Blockchain Development,2.5,50.0,2,0,99,Intermediate
FL250703,Benjamin Stevens,Male,45,China,Mandarin,Data Analysis,6.0,50.0,1,1,97,Expert
FL250704,Daniel Lopez,Male,35,Canada,English,Machine Learning,10.0,20.0,3,1,77,Expert
FL250705,John Simpson,Male,51,Canada,English,DevOps,4.0,50.0,2,0,92,Expert
FL250706,Katrina Schultz,Female,34,Spain,Spanish,Mobile Apps,1.1,50.0,3,1,76,Beginner
FL250707,Danielle Bell,Female,51,Indonesia,Indonesian,Graphic Design,1.0,53.0338733431517,2,1,97,Beginner
FL250708,Jason Brady,Male,58,Egypt,Arabic,Graphic Design,3.5,100.0,2,1,79,Expert
FL250709,Megan Bright,Female,36,Netherlands,Dutch,Web Development,1.7,53.0338733431517,2,1,99,Beginner
FL250710,David Griffin,Male,21,Russia,Russian,AI,1.2,30.0,2,1,79,Beginner
FL250711,Michael Clark,Male,56,South Africa,Afrikaans,Machine Learning,3.0,40.0,3,1,82,Expert
FL250712,Rebecca Barker,Female,58,Canada,English,Cybersecurity,2.0,75.0,3,1,78,Intermediate
FL250713,Angela Smith,Female,58,United States,English,Cybersecurity,2.2,100.0,3,0,79,Intermediate
FL250714,Christina Wright,Female,54,United Kingdom,English,AI,3.2,53.0338733431517,3,0,79,Expert
FL250715,Todd Turner,Male,53,Australia,English,UI/UX Design,9.0,50.0,4,1,72,Expert
FL250716,Elizabeth Green,Female,43,Australia,English,Web Development,2.2,40.0,4,1,79,Intermediate
FL250717,Alex Smith,Male,44,South Korea,Korean,Machine Learning,1.0,75.0,4,1,79,Beginner
FL250718,Shane Hale,Male,34,Canada,English,Cybersecurity,4.0,75.0,4,1,79,Expert
FL250719,Kathy Grimes,Female,27,Brazil,Portuguese,Mobile Apps,8.0,53.0338733431517,1,1,79,Expert
FL250720,David Cherry,Male,50,Japan,Japanese,Data Analysis,3.0,100.0,2,1,79,Expert
FL250721,Rachel Rogers,Female,52,South Korea,Korean,UI/UX Design,3.0,75.0,2,0,94,Expert
FL250722,Travis Braun,Male,57,Spain,Spanish,Blockchain Development,1.1,20.0,4,1,79,Beginner
FL250723,Shawna Palmer,Female,53,Mexico,Spanish,DevOps,8.0,20.0,2,1,79,Expert
FL250724,Bradley Gaines,Male,51,Turkey,Turkish,UI/UX Design,1.1,30.0,3,1,77,Beginner
FL250725,April Ford,Female,37,Canada,English,Cybersecurity,9.0,53.0338733431517,2,1,84,Expert
FL250726,James Gonzalez,Male,40,Spain,Spanish,Web Development,7.0,40.0,4,1,79,Expert
FL250727,John Castillo,Male,60,Japan,Japanese,Data Analysis,2.4,40.0,3,0,69,Intermediate
FL250728,Ian Hayes,Male,60,France,French,UI/UX Design,1.1,40.0,4,1,68,Beginner
FL250729,Christine Castro,Female,53,South Korea,Korean,UI/UX Design,2.1,53.0338733431517,4,1,73,Intermediate
FL250730,Jessica Chaney,Female,20,Mexico,Spanish,Blockchain Development,1.1,75.0,3,1,74,Beginner
FL250731,John Gray,Male,42,Russia,Russian,Web Development,7.0,20.0,2,0,100,Expert
FL250732,Shane Booker,Male,21,United Kingdom,English,Mobile Apps,3.0,40.0,2,0,87,Expert
FL250733,Kyle Hall,Male,39,Germany,German,Web Development,2.1,100.0,2,0,79,Intermediate
FL250734,Ronald Munoz,Male,32,India,Hindi,Blockchain Development,1.1,30.0,1,0,68,Beginner
FL250735,Christopher Long,Male,35,Germany,German,Data Analysis,1.1,100.0,2,0,84,Beginner
FL250736,Sandra Ali,Female,35,France,French,UI/UX Design,1.7,50.0,3,0,71,Beginner
FL250737,Jessica Garza,Female,23,Argentina,Spanish,UI/UX Design,1.1,75.0,2,0,92,Beginner
FL250738,Gregory Waters,Male,26,Netherlands,Dutch,AI,6.0,100.0,2,0,69,Expert
FL250739,Misty Adams,Female,34,Canada,English,Machine Learning,3.0,53.0338733431517,2,1,71,Expert
FL250740,Megan Brown,Female,34,Germany,German,Blockchain Development,3.0,53.0338733431517,2,0,77,Expert
FL250741,Gregory Brown,Male,57,Italy,Italian,Web Development,3.1,50.0,3,1,87,Expert
FL250742,Scott Alexander MD,Male,46,Canada,English,Web Development,5.0,53.0338733431517,2,0,76,Expert
FL250743,Eric Nguyen,Male,55,India,Hindi,AI,3.7,75.0,4,0,79,Expert
FL250744,Wendy Boyer,Female,32,Australia,English,DevOps,10.0,50.0,1,0,65,Expert
FL250745,Mark Clark,Male,53,Indonesia,Indonesian,AI,2.8,50.0,2,1,82,Intermediate
FL250746,Carl Kline,Male,59,Mexico,Spanish,AI,1.1,100.0,2,1,87,Beginner
FL250747,Linda Williams,Female,44,Netherlands,Dutch,Machine Learning,1.9,53.0338733431517,4,1,100,Beginner
FL250748,Jason Edwards,Male,35,Egypt,Arabic,Blockchain Development,9.0,50.0,3,1,71,Expert
FL250749,Madison Mcintosh,Female,42,China,Mandarin,Machine Learning,5.0,30.0,4,1,87,Expert
FL250750,Desiree Winters,Female,58,South Korea,Korean,Blockchain Development,1.1,30.0,4,0,70,Beginner
FL250751,Ryan Taylor,Male,41,Netherlands,Dutch,AI,2.1,100.0,2,1,83,Intermediate
FL250752,Patricia Scott,Female,21,Argentina,Spanish,Web Development,1.1,40.0,2,1,74,Beginner
FL250753,Erin Jimenez,Female,23,Canada,English,Blockchain Development,1.1,30.0,1,1,86,Beginner
FL250754,Anthony Krause,Male,51,China,Mandarin,Blockchain Development,1.7,40.0,4,1,72,Beginner
FL250755,Diane Dean,Female,42,France,French,AI,2.1,53.0338733431517,2,1,73,Intermediate
FL250756,Stuart Mckinney,Male,26,Japan,Japanese,Data Analysis,7.0,75.0,2,0,78,Expert
FL250757,Kellie Le,Female,49,Indonesia,Indonesian,AI,2.2,75.0,2,1,79,Intermediate
FL250758,Lauren Henry,Female,37,Italy,Italian,DevOps,1.1,75.0,3,1,75,Beginner
FL250759,Brandon Fox,Male,31,Australia,English,AI,1.0,40.0,4,0,96,Beginner
FL250760,Richard Smith,Male,51,South Korea,Korean,Mobile Apps,5.0,40.0,1,1,61,Expert
FL250761,John White,Male,60,China,Mandarin,DevOps,4.0,50.0,4,1,100,Expert
FL250762,Gilbert Mcintyre,Male,51,Canada,English,Blockchain Development,1.9,50.0,2,1,82,Beginner
FL250763,Christopher Sparks,Male,37,Germany,German,Graphic Design,1.2,53.0338733431517,4,1,80,Beginner
FL250764,Aaron Hicks,Male,52,India,Hindi,Blockchain Development,7.0,40.0,2,1,96,Expert
FL250765,Jose Patterson,Male,27,Indonesia,Indonesian,Blockchain Development,4.0,20.0,2,0,63,Expert
FL250766,Bryan Long,Male,48,Australia,English,Graphic Design,2.4,53.0338733431517,2,0,67,Intermediate
FL250767,Tammy Gomez,Female,22,Japan,Japanese,Data Analysis,1.0,30.0,3,1,61,Beginner
FL250768,Diana Raymond,Female,48,Germany,German,Mobile Apps,2.8,30.0,4,0,77,Intermediate
FL250769,Jessica Armstrong,Female,54,United States,English,Mobile Apps,1.9,75.0,2,1,79,Beginner
FL250770,Amanda Martin,Female,52,South Korea,Korean,Data Analysis,4.0,50.0,2,1,84,Expert
FL250771,Anne Hamilton,Female,39,Turkey,Turkish,Web Development,2.0,100.0,2,1,89,Intermediate
FL250772,Heather Curtis,Female,54,Russia,Russian,Mobile Apps,1.9,30.0,4,1,90,Beginner
FL250773,Tiffany Moses,Female,22,United States,English,Cybersecurity,1.0,20.0,4,0,87,Beginner
FL250774,Jacqueline Moon,Female,29,South Africa,Afrikaans,Mobile Apps,8.0,50.0,2,0,77,Expert
FL250775,James Campbell,Male,23,Spain,Spanish,DevOps,3.0,30.0,1,1,72,Expert
FL250776,Melissa Vasquez,Female,58,Mexico,Spanish,DevOps,3.0,50.0,1,1,87,Expert
FL250777,Katherine Carlson,Female,56,China,Mandarin,Blockchain Development,3.0,40.0,4,1,89,Expert
FL250778,Adam Clay,Male,48,Turkey,Turkish,Web Development,1.9,40.0,1,0,87,Beginner
FL250779,Amy Combs,Female,31,Russia,Russian,Mobile Apps,1.1,40.0,4,1,76,Beginner
FL250780,Anthony Case,Male,44,Australia,English,Machine Learning,2.6,50.0,1,1,100,Intermediate
FL250781,Kimberly Brown,Female,42,Egypt,Arabic,Mobile Apps,10.0,100.0,3,1,94,Expert
FL250782,Joshua Holloway,Male,59,United States,English,Cybersecurity,1.7,50.0,1,1,79,Beginner
FL250783,Cynthia Walton,Female,21,Argentina,Spanish,Blockchain Development,9.0,53.0338733431517,4,1,83,Expert
FL250784,Shawn Delgado,Male,21,China,Mandarin,Data Analysis,1.1,40.0,3,0,74,Beginner
FL250785,Jeremy Smith,Male,53,United Kingdom,English,DevOps,5.0,75.0,1,0,92,Expert
FL250786,Marc Ortiz,Male,35,Argentina,Spanish,Mobile Apps,1.5,53.0338733431517,3,0,66,Beginner
FL250787,Michelle Gregory,Female,25,Brazil,Portuguese,Machine Learning,3.0,53.0338733431517,3,1,74,Expert
FL250788,Melanie Gay,Female,23,Italy,Italian,UI/UX Design,1.0,30.0,5,1,97,Beginner
FL250789,Brittany Lambert,Female,56,Egypt,Arabic,Graphic Design,1.3,30.0,2,1,77,Beginner
FL250790,Mary Hernandez,Female,31,Mexico,Spanish,UI/UX Design,6.0,53.0338733431517,3,0,86,Expert
FL250791,Jonathan Jones,Male,24,United States,English,Cybersecurity,4.0,50.0,3,0,95,Expert
FL250792,Gina Williams,Female,35,Brazil,Portuguese,Cybersecurity,7.0,53.0338733431517,3,0,72,Expert
FL250793,Kelly Lawson,Female,20,Spain,Spanish,AI,1.0,53.0338733431517,3,0,71,Beginner
FL250794,Keith Smith,Male,26,Australia,English,Data Analysis,5.0,53.0338733431517,2,1,93,Expert
FL250795,Christopher Hunter,Male,54,United Kingdom,English,DevOps,2.9,40.0,3,1,79,Intermediate
FL250796,Dwayne Parks,Male,53,Russia,Russian,Cybersecurity,1.2,100.0,4,1,87,Beginner
FL250797,Mary Hall,Female,33,Canada,English,DevOps,4.0,53.0338733431517,1,0,73,Expert
FL250798,Jake Gilmore,Male,43,Netherlands,Dutch,Web Development,1.2,53.0338733431517,1,1,74,Beginner
FL250799,Mark Lopez,Male,37,Canada,English,DevOps,3.0,20.0,2,1,62,Expert
FL250800,Dana Rice,Female,58,France,French,Data Analysis,1.5,20.0,3,1,98,Beginner
FL250801,Beth Young,Female,39,Spain,Spanish,Mobile Apps,1.5,50.0,2,0,80,Beginner
FL250802,Ryan Powell,Male,43,Turkey,Turkish,Graphic Design,1.3,20.0,1,1,69,Beginner
FL250803,Amanda Fowler,Female,40,Spain,Spanish,Blockchain Development,2.0,30.0,2,0,90,Intermediate
FL250804,Lindsay Rivera,Female,51,United Kingdom,English,Machine Learning,3.0,75.0,2,1,74,Expert
FL250805,Mark Ward,Male,23,Germany,German,AI,4.0,50.0,4,1,98,Expert
FL250806,Amanda Smith,Female,31,Indonesia,Indonesian,Graphic Design,1.1,20.0,2,1,84,Beginner
FL250807,Emily Brown,Female,44,Russia,Russian,Web Development,3.0,53.0338733431517,5,1,75,Expert
FL250808,Dwayne Cardenas,Male,56,Germany,German,Mobile Apps,2.3,75.0,3,1,79,Intermediate
FL250809,Dr. Rhonda Hernandez,Female,48,Australia,English,Cybersecurity,5.0,53.0338733431517,1,1,97,Expert
FL250810,Melody Barker,Female,46,Russia,Russian,Web Development,2.8,30.0,4,1,79,Intermediate
FL250811,Russell Carpenter,Male,21,Egypt,Arabic,AI,1.1,20.0,2,0,64,Beginner
FL250812,Richard Hill,Male,52,Russia,Russian,Data Analysis,3.0,30.0,2,1,68,Expert
FL250813,Lindsay Potts,Female,39,Russia,Russian,Graphic Design,2.0,53.0338733431517,2,1,67,Intermediate
FL250814,Michelle Campbell,Female,31,Australia,English,Mobile Apps,1.1,30.0,2,0,79,Beginner
FL250815,Alan Williams,Male,22,South Korea,Korean,UI/UX Design,4.0,53.0338733431517,3,1,100,Expert
FL250816,Robin Hinton,Female,38,United Kingdom,English,UI/UX Design,10.0,40.0,2,1,66,Expert
FL250817,Brian Holland,Male,44,Argentina,Spanish,Graphic Design,2.4,75.0,4,0,97,Intermediate
FL250818,Adam Stone,Male,53,Indonesia,Indonesian,Machine Learning,2.1,100.0,3,0,62,Intermediate
FL250819,Curtis Lambert,Male,22,China,Mandarin,Data Analysis,2.0,20.0,2,0,79,Intermediate
FL250820,Alexandra Sims,Female,40,India,Hindi,Blockchain Development,1.4,75.0,2,1,79,Beginner
FL250821,Brenda Spencer,Female,49,China,Mandarin,Mobile Apps,1.5,40.0,3,0,86,Beginner
FL250822,Joshua Bush,Male,30,Australia,English,UI/UX Design,1.1,53.0338733431517,4,0,65,Beginner
FL250823,Erin Martin,Female,37,Japan,Japanese,AI,6.0,20.0,2,1,99,Expert
FL250824,Alexander Hogan,Male,21,Egypt,Arabic,Graphic Design,2.0,100.0,3,0,85,Intermediate
FL250825,William Harris,Male,20,South Korea,Korean,AI,1.0,50.0,2,1,81,Beginner
FL250826,Michael Mcmahon,Male,20,China,Mandarin,Data Analysis,2.0,53.0338733431517,2,1,64,Intermediate
FL250827,Michael Watson,Male,20,Argentina,Spanish,Machine Learning,2.0,20.0,3,0,84,Intermediate
FL250828,Lori Perez,Female,26,Russia,Russian,Machine Learning,2.0,40.0,2,1,66,Intermediate
FL250829,Lindsay Le,Female,50,South Korea,Korean,Web Development,1.2,53.0338733431517,2,0,75,Beginner
FL250830,Scott Long,Male,50,Spain,Spanish,AI,2.8,30.0,1,1,79,Intermediate
FL250831,Diana Ferguson,Female,54,Indonesia,Indonesian,AI,4.0,20.0,1,1,63,Expert
FL250832,Joseph Miller,Male,54,Spain,Spanish,Blockchain Development,3.0,20.0,1,1,70,Expert
FL250833,Julia Reid,Female,34,Egypt,Arabic,Machine Learning,4.0,53.0338733431517,3,1,90,Expert
FL250834,Samantha Matthews,Female,20,Italy,Italian,DevOps,1.0,50.0,3,1,79,Beginner
FL250835,Brian Bailey,Male,29,Germany,German,AI,8.0,40.0,3,1,60,Expert
FL250836,Toni Hinton,Female,57,United Kingdom,English,DevOps,1.1,75.0,2,0,79,Beginner
FL250837,Robin Ortiz,Female,36,Netherlands,Dutch,AI,8.0,40.0,2,1,80,Expert
FL250838,Adam Griffith,Male,51,South Korea,Korean,Web Development,3.2,53.0338733431517,3,0,88,Expert
FL250839,Daniel Roberson,Male,44,India,Hindi,UI/UX Design,4.0,30.0,2,1,80,Expert
FL250840,Dale Haynes,Male,58,Spain,Spanish,Cybersecurity,3.3,30.0,3,1,71,Expert
FL250841,Emily Scott,Female,38,South Africa,Afrikaans,Mobile Apps,1.4,53.0338733431517,1,1,76,Beginner
FL250842,David Brown,Male,24,United States,English,UI/UX Design,6.0,30.0,4,1,93,Expert
FL250843,Stephanie Guzman,Female,30,Turkey,Turkish,Blockchain Development,5.0,30.0,2,0,79,Expert
FL250844,Maxwell Johnson,Male,25,Indonesia,Indonesian,Cybersecurity,3.0,75.0,2,0,83,Expert
FL250845,Reginald Stephens,Male,54,Indonesia,Indonesian,Mobile Apps,1.7,53.0338733431517,2,0,71,Beginner
FL250846,Justin Jones,Male,54,Italy,Italian,Cybersecurity,9.0,20.0,2,1,96,Expert
FL250847,Kristine Garcia,Female,53,France,French,Graphic Design,1.6,40.0,2,0,79,Beginner
FL250848,John Nguyen,Male,22,Russia,Russian,AI,3.0,75.0,3,1,65,Expert
FL250849,Anna Fleming,Female,23,Mexico,Spanish,Data Analysis,2.0,20.0,1,1,79,Intermediate
FL250850,Linda Williamson,Female,47,France,French,Cybersecurity,1.6,50.0,1,0,71,Beginner
FL250851,Roy Wilson,Male,24,France,French,Web Development,6.0,50.0,1,1,63,Expert
FL250852,Jennifer Pierce,Female,57,India,Hindi,UI/UX Design,10.0,53.0338733431517,4,0,79,Expert
FL250853,Jason Johnson,Male,48,Spain,Spanish,Graphic Design,1.6,53.0338733431517,2,0,97,Beginner
FL250854,Jasmine Lane,Female,21,Turkey,Turkish,UI/UX Design,1.1,53.0338733431517,4,0,79,Beginner
FL250855,Evan Soto,Male,33,Japan,Japanese,AI,1.3,75.0,2,1,79,Beginner
FL250856,Kevin Serrano,Male,41,Turkey,Turkish,DevOps,1.2,53.0338733431517,1,0,85,Beginner
FL250857,Nathaniel Benson,Male,40,Australia,English,Cybersecurity,1.3,50.0,2,0,82,Beginner
FL250858,Deanna Miles,Female,40,Mexico,Spanish,Graphic Design,2.2,40.0,4,0,95,Intermediate
FL250859,Beverly Roy,Female,20,United States,English,Graphic Design,1.0,53.0338733431517,2,0,94,Beginner
FL250860,Heather Saunders,Female,42,Mexico,Spanish,Web Development,1.1,53.0338733431517,4,1,96,Beginner
FL250861,Nicholas Guerrero,Male,32,Canada,English,Blockchain Development,1.2,40.0,2,1,63,Beginner
FL250862,Christopher Johnson,Male,60,Japan,Japanese,AI,1.1,20.0,2,0,60,Beginner
FL250863,Steven Flowers,Male,46,Egypt,Arabic,Machine Learning,1.2,50.0,4,1,77,Beginner
FL250864,Marvin Woods III,Male,29,China,Mandarin,DevOps,1.1,30.0,2,0,63,Beginner
FL250865,Michelle Cook,Female,39,Brazil,Portuguese,Mobile Apps,1.8,20.0,2,1,61,Beginner
FL250866,Logan Zamora,Male,55,Russia,Russian,Mobile Apps,2.0,53.0338733431517,3,1,88,Intermediate
FL250867,Casey Roberts,Male,55,Turkey,Turkish,Cybersecurity,1.1,100.0,1,1,69,Beginner
FL250868,Jerry Price,Male,40,Indonesia,Indonesian,Data Analysis,2.0,75.0,4,1,79,Intermediate
FL250869,Kelly Ellis,Female,56,China,Mandarin,UI/UX Design,3.5,53.0338733431517,2,1,82,Expert
FL250870,Caleb Guerra,Male,57,Mexico,Spanish,Mobile Apps,2.1,75.0,2,1,96,Intermediate
FL250871,Samantha Norman,Female,56,Russia,Russian,DevOps,3.0,53.0338733431517,1,1,71,Expert
FL250872,Sarah Clarke,Female,49,Germany,German,Mobile Apps,2.4,53.0338733431517,3,1,77,Intermediate
FL250873,Aaron Blair,Male,26,Spain,Spanish,Blockchain Development,1.1,53.0338733431517,2,1,79,Beginner
FL250874,Courtney Burton,Female,36,South Korea,Korean,UI/UX Design,1.1,75.0,1,1,73,Beginner
FL250875,Gerald Taylor,Male,20,Russia,Russian,Web Development,2.0,30.0,1,1,60,Intermediate
FL250876,Mary Ward,Female,40,Spain,Spanish,AI,1.1,53.0338733431517,1,1,67,Beginner
FL250877,Mrs. Lisa Beard DVM,Female,30,India,Hindi,Mobile Apps,6.0,75.0,2,0,80,Expert
FL250878,Larry Wallace,Male,51,Australia,English,Graphic Design,2.1,20.0,2,1,79,Intermediate
FL250879,Jeremiah Thompson,Male,46,United States,English,UI/UX Design,2.4,40.0,3,1,87,Intermediate
FL250880,Mrs. Jessica Williams DVM,Female,25,South Korea,Korean,AI,6.0,20.0,2,0,79,Expert
FL250881,Martin Moreno,Male,53,Netherlands,Dutch,Web Development,3.2,50.0,2,1,79,Expert
FL250882,Yolanda Proctor,Female,50,Egypt,Arabic,Mobile Apps,3.1,100.0,2,1,89,Expert
FL250883,Allen Turner,Male,45,South Korea,Korean,AI,1.1,20.0,3,1,93,Beginner
FL250884,Beth Huff,Female,48,Canada,English,Cybersecurity,2.4,100.0,4,1,84,Intermediate
FL250885,John Mckinney,Male,30,Indonesia,Indonesian,DevOps,1.1,53.0338733431517,4,1,78,Beginner
FL250886,Sarah Ho,Female,33,Netherlands,Dutch,UI/UX Design,6.0,53.0338733431517,3,0,90,Expert
FL250887,Lindsey Wang,Female,50,United Kingdom,English,DevOps,1.1,53.0338733431517,4,1,88,Beginner
FL250888,Margaret Schwartz,Female,24,Indonesia,Indonesian,Data Analysis,1.1,53.0338733431517,2,0,76,Beginner
FL250889,Kyle Ray,Male,38,Italy,Italian,Web Development,1.4,75.0,1,1,62,Beginner
FL250890,Isaac Hebert,Male,56,Japan,Japanese,DevOps,2.0,53.0338733431517,2,1,79,Intermediate
FL250891,Michele Jones,Female,41,Russia,Russian,DevOps,2.0,100.0,4,1,75,Intermediate
FL250892,Austin Allen,Male,21,Italy,Italian,UI/UX Design,1.1,100.0,2,1,80,Beginner
FL250893,Haley Castro,Female,42,Germany,German,Graphic Design,1.3,30.0,3,1,63,Beginner
FL250894,David Armstrong,Male,26,India,Hindi,Blockchain Development,7.0,75.0,3,1,84,Expert
FL250895,Wendy Mitchell,Female,44,Canada,English,Cybersecurity,2.5,75.0,2,1,78,Intermediate
FL250896,Anthony Hernandez,Male,46,Canada,English,Graphic Design,2.0,53.0338733431517,1,0,74,Intermediate
FL250897,Erica Johnson,Female,36,United States,English,UI/UX Design,8.0,50.0,4,0,90,Expert
FL250898,Randall Barrett,Male,26,Netherlands,Dutch,AI,6.0,53.0338733431517,1,0,79,Expert
FL250899,Nathan Huff,Male,21,Germany,German,UI/UX Design,3.0,50.0,4,1,79,Expert
FL250900,Robin Walsh,Female,39,Indonesia,Indonesian,UI/UX Design,1.8,50.0,2,0,75,Beginner
FL250901,Yvonne Robinson,Female,37,United States,English,Blockchain Development,1.8,40.0,4,0,72,Beginner
FL250902,Kathleen Hendrix,Female,47,Russia,Russian,UI/UX Design,3.0,40.0,4,1,92,Expert
FL250903,Jennifer Baker,Female,53,Russia,Russian,Graphic Design,3.2,20.0,2,1,79,Expert
FL250904,Kim Martinez,Female,53,Argentina,Spanish,Mobile Apps,1.9,20.0,1,0,79,Beginner
FL250905,Andrew Little,Male,21,India,Hindi,Data Analysis,2.0,50.0,2,0,86,Intermediate
FL250906,Kelly Shelton,Female,35,United Kingdom,English,Blockchain Development,1.1,53.0338733431517,2,1,85,Beginner
FL250907,Steven Duncan,Male,31,Argentina,Spanish,Machine Learning,1.3,53.0338733431517,1,0,62,Beginner
FL250908,Kristen Haney,Female,55,South Korea,Korean,AI,2.0,30.0,3,1,91,Intermediate
FL250909,Kathy Reese,Female,59,Turkey,Turkish,Web Development,1.1,53.0338733431517,2,1,80,Beginner
FL250910,Steven Murphy,Male,59,France,French,Cybersecurity,1.7,100.0,4,0,72,Beginner
FL250911,William Hartman,Male,47,India,Hindi,Blockchain Development,10.0,53.0338733431517,1,1,79,Expert
FL250912,Sonya Haley,Female,53,South Africa,Afrikaans,Machine Learning,2.6,75.0,2,1,79,Intermediate
FL250913,Robert Evans,Male,49,South Africa,Afrikaans,Data Analysis,1.1,53.0338733431517,2,1,74,Beginner
FL250914,Patricia Richardson,Female,50,South Africa,Afrikaans,Mobile Apps,8.0,50.0,3,1,82,Expert
FL250915,Carolyn Lopez,Female,59,South Korea,Korean,Machine Learning,2.2,100.0,1,0,85,Intermediate
FL250916,Kyle Burns,Male,33,Turkey,Turkish,Data Analysis,8.0,75.0,2,1,68,Expert
FL250917,Margaret Garcia,Female,45,Canada,English,Web Development,2.2,40.0,3,1,99,Intermediate
FL250918,Brittany Barker,Female,36,Italy,Italian,Graphic Design,1.4,30.0,1,0,62,Beginner
FL250919,Paul Campbell,Male,46,South Africa,Afrikaans,UI/UX Design,6.0,30.0,1,1,79,Expert
FL250920,Amy Morrow,Female,53,Turkey,Turkish,Graphic Design,1.4,30.0,2,0,83,Beginner
FL250921,Amy Fitzgerald,Female,24,United States,English,Web Development,2.0,30.0,3,1,92,Intermediate
FL250922,Anita Becker,Female,49,Spain,Spanish,DevOps,4.0,53.0338733431517,2,1,85,Expert
FL250923,Mrs. Amy Brooks,Female,49,South Korea,Korean,AI,4.0,75.0,2,1,79,Expert
FL250924,Lori Marshall,Female,49,South Korea,Korean,Mobile Apps,2.4,100.0,3,1,79,Intermediate
FL250925,Jennifer Miller,Female,58,Brazil,Portuguese,Blockchain Development,2.9,30.0,3,1,89,Intermediate
FL250926,Thomas Young,Male,50,South Africa,Afrikaans,UI/UX Design,1.3,53.0338733431517,2,1,81,Beginner
FL250927,Zachary Larsen,Male,27,South Africa,Afrikaans,DevOps,1.0,100.0,3,1,61,Beginner
FL250928,Valerie Gutierrez,Female,20,South Korea,Korean,Machine Learning,1.1,53.0338733431517,4,1,79,Beginner
FL250929,Daniel Parker,Male,52,Russia,Russian,Blockchain Development,1.5,53.0338733431517,2,1,92,Beginner
FL250930,Nicole Bennett,Female,22,France,French,Machine Learning,2.0,30.0,2,0,96,Intermediate
FL250931,Lauren Lowery,Female,38,Turkey,Turkish,Web Development,1.4,100.0,1,0,66,Beginner
FL250932,Alexander Woodward,Male,21,Canada,English,Graphic Design,1.1,100.0,3,1,64,Beginner
FL250933,Anthony Walter,Male,41,Australia,English,AI,1.5,40.0,3,0,100,Beginner
FL250934,Valerie Finley,Female,33,Indonesia,Indonesian,Blockchain Development,6.0,40.0,3,1,95,Expert
FL250935,Deborah Kelley,Female,38,Mexico,Spanish,Mobile Apps,1.1,53.0338733431517,2,1,91,Beginner
FL250936,Kristina Miller,Female,26,Russia,Russian,DevOps,8.0,20.0,4,1,82,Expert
FL250937,Anne Hampton,Female,43,Netherlands,Dutch,AI,3.0,20.0,2,1,95,Expert
FL250938,Sandra Henry,Female,21,Italy,Italian,Cybersecurity,1.1,53.0338733431517,2,1,95,Beginner
FL250939,Tony Hester,Male,47,South Korea,Korean,Mobile Apps,7.0,30.0,2,1,69,Expert
FL250940,Nathan Davis,Male,35,Spain,Spanish,Graphic Design,6.0,40.0,2,1,91,Expert
FL250941,Erica Jackson,Female,37,Indonesia,Indonesian,Mobile Apps,9.0,53.0338733431517,2,1,79,Expert
FL250942,Nancy Glover,Female,38,Brazil,Portuguese,AI,1.5,40.0,4,1,62,Beginner
FL250943,Richard Sanchez,Male,40,Canada,English,Data Analysis,2.0,20.0,2,0,81,Intermediate
FL250944,Savannah Reid,Female,46,Brazil,Portuguese,Data Analysis,1.6,75.0,2,0,94,Beginner
FL250945,Robert Salazar,Male,56,Egypt,Arabic,DevOps,2.2,30.0,2,0,95,Intermediate
FL250946,Hector Greer,Male,24,Turkey,Turkish,Graphic Design,2.0,53.0338733431517,1,0,100,Intermediate
FL250947,Thomas Jackson,Male,21,Mexico,Spanish,AI,1.0,75.0,2,1,94,Beginner
FL250948,Tina Clark,Female,38,Turkey,Turkish,Mobile Apps,8.0,30.0,4,1,92,Expert
FL250949,Heather Brown,Female,28,France,French,DevOps,8.0,50.0,2,1,95,Expert
FL250950,John Weaver,Male,25,Brazil,Portuguese,DevOps,7.0,53.0338733431517,3,1,97,Expert
FL250951,Bradley Harris,Male,41,United Kingdom,English,DevOps,8.0,50.0,4,1,75,Expert
FL250952,Cassandra Macdonald,Female,45,Mexico,Spanish,Data Analysis,6.0,40.0,2,1,78,Expert
FL250953,Matthew White,Male,47,Turkey,Turkish,DevOps,1.6,53.0338733431517,3,0,65,Beginner
FL250954,Miss Kimberly Marshall,Female,59,United Kingdom,English,Data Analysis,4.0,40.0,2,1,70,Expert
FL250955,Laura Thompson,Female,25,Canada,English,Blockchain Development,6.0,53.0338733431517,2,1,78,Expert
FL250956,Nathan Soto,Male,27,Australia,English,Web Development,3.0,50.0,2,1,96,Expert
FL250957,Rhonda Hines,Female,57,Australia,English,AI,5.0,100.0,2,1,80,Expert
FL250958,Gabrielle Bowman,Female,34,Turkey,Turkish,UI/UX Design,1.2,53.0338733431517,1,1,64,Beginner
FL250959,Julian Edwards,Male,55,France,French,UI/UX Design,3.3,50.0,2,0,92,Expert
FL250960,Nicholas Scott,Male,21,Egypt,Arabic,Blockchain Development,1.0,100.0,2,1,79,Beginner
FL250961,Daniel Green,Male,53,Netherlands,Dutch,DevOps,2.7,20.0,4,1,71,Intermediate
FL250962,Catherine Johnston,Female,21,Germany,German,UI/UX Design,1.0,53.0338733431517,2,1,95,Beginner
FL250963,Brenda Koch,Female,36,Brazil,Portuguese,Web Development,1.1,20.0,4,1,86,Beginner
FL250964,Mr. Robert Meza,Male,40,Germany,German,AI,2.0,53.0338733431517,1,1,77,Intermediate
FL250965,Latoya Brown,Female,59,United Kingdom,English,UI/UX Design,4.0,100.0,2,1,79,Expert
FL250966,David Osborne III,Male,45,Netherlands,Dutch,Cybersecurity,4.0,53.0338733431517,2,1,72,Expert
FL250967,David Hooper,Male,44,South Korea,Korean,Machine Learning,9.0,40.0,2,0,70,Expert
FL250968,Sarah Miller,Female,36,United Kingdom,English,Cybersecurity,1.3,30.0,3,0,86,Beginner
FL250969,Lisa Werner MD,Female,26,India,Hindi,Graphic Design,1.0,75.0,3,1,79,Beginner
FL250970,Eric Jimenez,Male,49,India,Hindi,Web Development,1.0,53.0338733431517,2,0,82,Beginner
FL250971,Jay Bush,Male,29,France,French,Mobile Apps,3.0,40.0,2,1,81,Expert
FL250972,Johnny Rice,Male,32,France,French,Graphic Design,1.0,53.0338733431517,3,1,76,Beginner
FL250973,Matthew Strong,Male,24,Indonesia,Indonesian,Blockchain Development,3.0,30.0,3,1,90,Expert
FL250974,Mark Chandler,Male,35,South Korea,Korean,DevOps,1.4,30.0,1,1,67,Beginner
FL250975,Crystal Brown,Female,43,Spain,Spanish,Blockchain Development,2.0,53.0338733431517,1,0,61,Intermediate
FL250976,Timothy Barton,Male,53,South Korea,Korean,Machine Learning,2.7,100.0,3,0,73,Intermediate
FL250977,Lisa Hickman,Female,38,Russia,Russian,DevOps,7.0,75.0,2,0,79,Expert
FL250978,Alan Mendoza,Male,57,United Kingdom,English,Cybersecurity,2.9,75.0,4,1,90,Intermediate
FL250979,Jason Sanders,Male,27,China,Mandarin,Blockchain Development,5.0,53.0338733431517,1,1,64,Expert
FL250980,Charles Dean,Male,43,Argentina,Spanish,Web Development,2.0,100.0,1,1,63,Intermediate
FL250981,Blake Newton,Male,48,Canada,English,Data Analysis,1.8,53.0338733431517,3,1,79,Beginner
FL250982,David Gonzalez,Male,26,Brazil,Portuguese,Cybersecurity,8.0,20.0,3,0,67,Expert
FL250983,Cindy Williams,Female,21,South Africa,Afrikaans,Graphic Design,1.1,53.0338733431517,2,0,97,Beginner
FL250984,Laura Wong DDS,Female,50,Italy,Italian,Data Analysis,1.6,53.0338733431517,4,0,69,Beginner
FL250985,Robert Moran,Male,48,South Africa,Afrikaans,Web Development,8.0,50.0,2,1,73,Expert
FL250986,Bradley Wu,Male,60,Spain,Spanish,Blockchain Development,3.9,20.0,1,1,86,Expert
FL250987,Daniel Thomas,Male,26,Egypt,Arabic,Machine Learning,1.1,50.0,2,1,81,Beginner
FL250988,Michelle Peterson,Female,35,South Korea,Korean,Graphic Design,1.6,100.0,4,1,74,Beginner
FL250989,Seth Thomas,Male,23,United States,English,Blockchain Development,4.0,53.0338733431517,2,1,64,Expert
FL250990,Evan Ramos,Male,37,Australia,English,Graphic Design,4.0,75.0,3,0,76,Expert
FL250991,Michelle Solis,Female,21,Argentina,Spanish,AI,2.0,100.0,3,1,73,Intermediate
FL250992,Charlotte Taylor,Female,58,Germany,German,UI/UX Design,3.7,50.0,4,0,69,Expert
FL250993,Sandra Preston,Female,52,Indonesia,Indonesian,Mobile Apps,3.2,53.0338733431517,3,0,79,Expert
FL250994,Jim Weiss,Male,46,Russia,Russian,Mobile Apps,8.0,20.0,2,1,89,Expert
FL250995,Jennifer Hinton,Female,34,South Africa,Afrikaans,DevOps,8.0,30.0,3,1,95,Expert
FL250996,Albert Wilcox,Male,56,Turkey,Turkish,DevOps,1.3,100.0,2,0,68,Beginner
FL250997,Cheryl Norris,Female,26,Germany,German,Blockchain Development,6.0,40.0,2,1,82,Expert
FL250998,Kathy Watkins,Female,37,Japan,Japanese,Data Analysis,1.5,75.0,2,0,94,Beginner
FL250999,John Obrien,Male,46,Russia,Russian,Machine Learning,2.2,100.0,2,1,97,Intermediate
FL251000,Dawn Green,Female,36,Mexico,Spanish,UI/UX Design,1.8,53.0338733431517,1,1,72,Beginner
